Username,Identifier,First name,Last name
kgath0,635bde69-c946-451b-b651-2d3645053ce7,Publicité,Gath
ckedwell1,f6b82077-26bf-4d5f-b8a8-362d47a61bd7,Mélanie,Kedwell
lravenhills2,a4fd431e-b509-45ba-afaa-35aabba9e4c7,Lauréna,Ravenhills
ijalland3,41f95111-a942-45ff-9f74-68bd9899e8e3,Audréanne,Jalland
ggaynesford4,6cf22244-b637-4b78-a607-091265f4e1e0,Anaël,Gaynesford
dlahive5,1be88565-0650-4515-9ca2-55bf9752f6ca,Måns,Lahive
edelap6,c269862f-42b2-4885-8ce4-191b64e0c037,Börje,Delap
csidwick7,873385c1-cf44-495e-97e6-6289d234e827,Réjane,Sidwick
tarchibold8,ad38978e-b4c2-4f67-8cbe-3ac38aef4f19,Bérengère,Archibold
egoundsy9,d2781c2d-7f13-4940-8c8a-d0614223de19,Chloé,Goundsy
amarneya,77e07dc7-3cf9-4f27-b84f-9df57317dc38,Valérie,Marney
pmiroyb,6efc736d-fd0d-493b-b565-e79432a59c4a,Salomé,Miroy
tjemmettc,fb30c586-f467-42ec-8be1-0debcde8b66d,Cléa,Jemmett
eelementd,6ad730fe-00c7-4651-b72d-e45038b829aa,Hélèna,Element
rdurmane,232a1f21-482f-48ab-affc-5c4ee86a0477,Mélanie,Durman
ccowopef,696755cb-2339-4e41-b577-cda15153142a,Aurélie,Cowope
blaviesg,d462f9af-5d02-44ff-8aec-35742cbc73a4,Bérénice,Lavies
opregelh,9958d7c5-7325-4193-b458-48a976ca9391,Cléopatre,Pregel
hdroveri,db774e80-24d1-400a-ae2a-abe4b20797c0,Hélène,Drover
lbourgesj,391d5f83-415a-471f-8854-f63a8b77047d,Cinéma,Bourges
brickettk,39160004-320d-4b46-9b6e-bdc38507b3ce,Lóng,Rickett
brosenqvistl,c9d60a84-1878-4d3e-9045-22e3e1a3a9a8,Uò,Rosenqvist
bmacduffiem,c8a1d65c-1b92-4f0e-8ea1-ef06ff6ca856,Méghane,MacDuffie
mmoundn,a0566c0b-0ea1-478f-ba6b-22b00bcb242d,Mélys,Mound
swinsomeo,335181ba-c6ec-453a-9e82-4de4e1dcff43,Léandre,Winsome
falfp,75dc8994-7e4c-42d7-9d43-e3c9b589fbf6,Andréa,Alf
sgellettq,9d279201-fe4c-42ea-92f0-c4e333d72bc1,Maëlann,Gellett
pravilusr,8a69b394-ad78-4e6f-9ff6-48a53e5b243d,Kallisté,Ravilus
krustidges,9a71c7fc-3b02-45aa-9665-636379455c1a,Åslög,Rustidge
lgottst,ce7557f1-ac63-4d84-882a-bc5304637e99,Salomé,Gotts
tdemirandau,7b220f3b-6300-4dfc-a3f0-1314f5b811f4,Lorène,De Miranda
ftheodorev,35258268-1aff-4b67-bc12-3d2100034033,Lén,Theodore
mmccoolw,780b8e16-c324-4db7-a77e-adca399a7c01,Méng,McCool
ahalstedx,8eadf488-f35a-46b5-a442-0804a054ac42,Rachèle,Halsted
cbruckenty,8cdc1621-caa2-449d-8825-2b4029fb39f8,Sélène,Bruckent
dstaynesz,3a86e12e-2e20-4aa4-9ebe-ba777764e68a,Fèi,Staynes
hmatantsev10,520fd31f-0a32-4645-afd0-a2d259115422,Stéphanie,Matantsev
mpaschke11,66902714-3c95-424b-93b0-d91a754ec240,Léandre,Paschke
esouttar12,b6cbea7f-23bf-4341-8c6b-595e4c8c1239,Jú,Souttar
hblakeley13,f6d4a9e6-5d02-4010-8f06-714977e24302,Andréa,Blakeley
rnunesnabarro14,c4efc107-f6da-42f1-944f-17e192627f30,Félicie,Nunes Nabarro
rverrico15,6c561a08-448b-42fb-9120-cc4a963f5a43,Intéressant,Verrico
idumsday16,e2a54188-213f-4a1e-bff0-c52321783ed8,Aí,Dumsday
iboustead17,70eaf9fb-2c83-4324-b191-30d8dd9718cd,Loïca,Boustead
cgrimmert18,1b3b7dec-7d5d-450e-add9-26f18f945347,Thérèsa,Grimmert
ndenidge19,3c9c796a-7259-483f-921f-7510f402675f,Gaétane,Denidge
tedwardes1a,256283ce-a388-413f-a5b4-fbdc73073a24,Nuó,Edwardes
cmurrum1b,94195865-8a02-48cd-8cd9-7782da8c20e7,Lauréna,Murrum
theselwood1c,d321e91a-3796-4076-96f4-92cbc0eb7418,Gaétane,Heselwood
rcapelin1d,dea5a6c1-3fd4-4c6c-a093-e53fcad87603,Kévina,Capelin
asindall1e,71f117a3-3b2e-40ef-9b56-2bcd1aea803c,Maïlis,Sindall
mgearty1f,6b7841c6-7d13-4da6-943f-d0447a2ea1a7,Kuí,Gearty
grichardes1g,a215b3bc-80c1-42ef-9d0b-4ee3bb0fdf10,Gaëlle,Richardes
hondrasek1h,74974869-2457-49a3-a3dc-4bf63c387c2b,Annotés,Ondrasek
bmaccallam1i,ff51ea82-849d-44b3-a1d6-d4d74169f027,Maïlis,MacCallam
orunsey1j,99e88842-ecd3-4f52-8053-2b25c606bc32,Marie-josée,Runsey
sochiltree1k,47e07172-930a-4120-b50d-5caf171bd669,Fèi,Ochiltree
ohudspeth1l,19e3eb4a-e38f-450d-8dc3-d4e3cd1b2e7a,Maéna,Hudspeth
ewheelband1m,e7e1bd8d-ead2-4e51-8cd4-bd4651ff67e1,Mélina,Wheelband
dweddell1n,dcb752cf-1f38-4dd4-9607-f9bf0908e71a,Estève,Weddell
dflanner1o,1d9a217f-0522-4d64-badd-00b324a76863,Anaé,Flanner
aghent1p,1026a827-e7b1-49d0-8048-2e0011a65176,Eloïse,Ghent
wbaldung1q,d2cdccfc-0a79-4558-899f-5748bb14e5da,Rachèle,Baldung
rcoutthart1r,f7bbb63d-f26b-448c-8fff-1f32a36fa3cf,Cinéma,Coutthart
bcosford1s,6d79efc2-f8e1-46e0-b060-aa59d0831801,Ráo,Cosford
cbiss1t,abafda12-52d3-483b-bcd1-3a1b9979b7b6,Dà,Biss
afenix1u,fff3d820-b5c8-49fe-87ab-f22268c9f6ae,Kuí,Fenix
mburchess1v,c8074885-a497-44f6-97fb-89aa1d66e224,Laurène,Burchess
hmerrell1w,c74300ac-fc49-4539-8bc0-f1fa462385de,Esbjörn,Merrell
lminelli1x,6d12bff9-2913-4a78-b064-b3e974a5d95b,Mylène,Minelli
corrobin1y,91595392-0645-444a-9238-9c50985164b5,Vénus,Orrobin
gfoskew1z,1faedc4c-a7a5-407a-807d-1fbad267bf8d,Börje,Foskew
agherardi20,c6cfdd36-bb63-42df-91ac-3ee07ae9e446,Kuí,Gherardi
uoliveti21,a8396d16-63d2-4f35-a537-1c22de015190,Simplifiés,Oliveti
rsyres22,6e7c6bec-b756-4b9d-ac17-cd0d3eb71a2b,Léana,Syres
simpy23,f5c464ad-25d6-48de-9ff7-2b6381abede8,Aloïs,Impy
vhalpeine24,62bce1cf-ec95-4b98-8717-48033ab6eeb7,Göran,Halpeine
bmuslim25,f7ef26de-ee44-4f0a-ad38-77c525806f3b,Cécilia,Muslim
dcuniam26,8c4ef34e-3e67-495d-94c4-87ebe20c0c24,Lorène,Cuniam
kharbison27,703241ae-471b-4922-af07-6769e883bc41,Célia,Harbison
fcassius28,5734accf-3263-4239-a3a5-974de1fbca94,Lén,Cassius
bensor29,85ab055c-7053-4938-85eb-d21fc2b695dc,Marie-thérèse,Ensor
mgiddy2a,4586a618-30d4-4fa7-bfd3-7c7e5633f8f4,Aloïs,Giddy
dkingsnorth2b,c60c29cb-daf7-4308-bc16-20277c45ca8c,Marie-noël,Kingsnorth
tdugget2c,18b24e4d-34be-403d-bb47-4b73bc3b2103,Léonore,Dugget
bpiperley2d,6eb6e30a-3e80-4d22-a21c-a36ba8f8c6ce,Léonie,Piperley
ydanniell2e,0c8b29ea-9121-4582-8bb1-969558d4d8c5,Geneviève,Danniell
rcallar2f,98c00cd7-2b82-4fff-b70c-007b7c79be10,Naéva,Callar
lhaskett2g,ae8469b2-1a95-4591-9bd4-9f4578c15104,Annotés,Haskett
semanuel2h,eb570736-952d-4c50-9ffa-bdcb5e3d436c,Esbjörn,Emanuel
fschops2i,7e7efda6-360f-49c0-baf2-e550a7534c6c,Océane,Schops
lmcausland2j,42fa1aeb-4dc3-4a20-aed7-a1bad4f9d6e0,Maëlys,McAusland
cfischer2k,bb7a859a-1860-492b-88df-f7ef8255103e,Cécilia,Fischer
aweatherley2l,b4354536-160f-4fe3-a5c8-b906606034ae,Lyséa,Weatherley
mbreawood2m,409aa5ad-cc6d-4989-85f0-ac6b16e37a5f,Léana,Breawood
bfenners2n,277d90ba-d7b7-4527-9c29-f11c7840d38b,André,Fenners
cgenny2o,606d491d-678f-43f6-bea2-3dc215c57b7a,Åke,Genny
roxford2p,9d1571f2-dc40-42cc-9a1b-289147a3228f,Bécassine,Oxford
jpitway2q,2e96f8e6-f5d1-49d6-bf85-b536416d63d3,Tú,Pitway
wliveing2r,f2c738a1-1ef0-49fd-9626-94115c0a421f,Aimée,Liveing
cnewlove2s,e374168a-efa1-4942-9dff-5139153ba134,Lóng,Newlove
hvasovic2t,6d88fde1-b277-4052-98e4-551d35474251,Cécile,Vasovic
cfrancello2u,2690dc6e-3652-4194-8778-bc97d88d95d9,Dà,Francello
hpydcock2v,acc7f71c-f285-4df5-b500-5d80cd9f9180,Solène,Pydcock
sskyppe2w,0f72102a-79b7-4a6e-8ec1-ce85d94c03c0,Jú,Skyppe
rwaddup2x,c34c337f-daa9-4bc3-9de6-8f8dc6c20de2,Eloïse,Waddup
smcgann2y,11ea849d-1a34-44ac-9292-cd07a6748c60,Eloïse,McGann
viannelli2z,32b44cdb-e333-4d1a-9dc0-cb50652f57de,Ruò,Iannelli
fbathow30,eeb1390c-4489-417e-9b17-02a0ba1789d3,Märta,Bathow
jkuzemka31,0e891aca-81ce-4165-9ae0-d025f5def0d1,Amélie,Kuzemka
svauls32,2ae038b9-7aff-4c15-ae97-93d22513fe0c,Zhì,Vauls
sbartomeu33,41f8661d-572d-458b-bce0-380651e17eb6,Aí,Bartomeu
trene34,7712fc64-e4d4-4867-9cbe-14359aae874d,Océanne,Rene
lalders35,c95df88f-2c5b-4003-be11-1ee4f8a7768d,Noëlla,Alders
toverstall36,d4fc321a-67e9-4061-b4d1-f3900209c86d,Zhì,Overstall
rwadie37,3b0c1b7f-0d36-4f34-a0aa-c3be7d39333f,Michèle,Wadie
wberends38,c3d705c5-a4a7-4ac0-ac21-1f210516b179,Judicaël,Berends
drault39,b49348cf-a8fb-4de2-b76d-45df695344fa,Styrbjörn,Rault
jhalbert3a,2b5ed2e7-f04f-4949-bda9-03288d9b0e2f,Yénora,Halbert
gcorpe3b,a3ce1ceb-ce78-4257-bd5b-00114e2f624e,Camélia,Corpe
vmacharg3c,081b5b8b-33f6-4bec-9020-bb125b7af2eb,Alizée,MacHarg
bduro3d,15b9f51b-8afa-4127-96e8-0c966dd7d8dd,Mélodie,Duro
mtungate3e,4156febc-8615-493c-946f-20b32386ee3d,Adélie,Tungate
lgaffney3f,d10130ca-e3dc-49e5-a87a-d2328c1a261d,Estève,Gaffney
mgosson3g,0bd9906b-634e-4ae4-8499-c8971e42c6eb,Personnalisée,Gosson
jpoinsett3h,3ff3d76a-b045-4bcc-9a1f-491aa9276ccb,Athéna,Poinsett
ksangar3i,3a17e4f6-0196-4a23-b37b-e589485157e5,Nadège,Sangar
ibrognot3j,551da77f-7c82-4897-8dda-0c88b4990ede,Bérénice,Brognot
amaro3k,d3da6212-5854-41ef-859b-b6c83b26ba3a,Vérane,Maro
cheading3l,7e613cfc-46f6-4e20-95d6-02c6ebc7c869,Cunégonde,Heading
jduffil3m,14dc42b1-d1ce-44ce-bf93-28e507640658,Léone,Duffil
rfochs3n,a0499404-b703-4268-831f-6283354866ae,Méthode,Fochs
scollicott3o,29b12826-a752-4fb2-80d5-9eb7fbdf218c,Lóng,Collicott
dkettleson3p,c9a5adaf-cc7d-43c4-8a3a-9a672a0bfff7,Mà,Kettleson
mcarding3q,e5bd841c-2cdf-490e-addc-2615d24b9016,Yè,Carding
mbidewel3r,d2ef2c3b-32e7-41b5-9b90-80d0a3d27a51,Åke,Bidewel
mfarans3s,d0034b12-ef66-4ec9-bdd7-a9bb5ebb4377,Eliès,Farans
amcsweeney3t,7009f7ca-b7f3-4f70-82d7-b3c727c91c4f,Lauréna,McSweeney
btomasi3u,c7f890bb-f7dc-4490-8ab7-892509fe499f,Gösta,Tomasi
ctoun3v,c7978a0d-a16c-41f4-9c5f-fd0f9106bdf9,Cléa,Toun
aboxer3w,a571b8f9-55b2-49ec-a946-b75b03c71761,Marie-ève,Boxer
bwaltering3x,2ace6278-cdbf-475a-8cc8-1f23e3e3f065,Méline,Waltering
mgordge3y,13d2ec33-587c-43f1-8bed-69763097daf5,Judicaël,Gordge
kokeenan3z,464a0a06-8fa5-4ee3-840b-3d701817e0bf,Maëlyss,O'Keenan
nhargerie40,4c926b64-e5b2-4407-a27b-f97b54198b7e,Clémence,Hargerie
ndietmar41,7a16c930-759f-4c83-a894-413b987e8d54,Léana,Dietmar
mtrobe42,72338c44-73e0-43ab-a3b6-f9d105b4628d,Cunégonde,Trobe
gbullant43,21bafdc2-0c40-4f5a-a3ce-44a5fbe1d7bf,Stéphanie,Bullant
mhamlen44,6202ba25-29ed-4d3a-9c92-7a38e24a86d0,Marie-josée,Hamlen
acathie45,676368d3-990b-41bc-a4a8-02c73c24aa09,Vénus,Cathie
jsynan46,9d4b35bd-1426-4eaf-9c96-fc5c3266c5ec,Marylène,Synan
jickeringill47,1a23047c-f2ef-46ec-bc25-3238153e3797,Styrbjörn,Ickeringill
vumbers48,f4cc7c76-b5d8-49cf-9808-5e6cc9637da7,Intéressant,Umbers
ijutson49,97bab338-b878-44be-8cd8-38bdc45c0d87,Hélène,Jutson
ekearle4a,2a583bef-18a2-4e62-8f7e-769a669392ff,Andréanne,Kearle
mtorregiani4b,2629df97-2623-4ded-b7a7-320d3064ba01,Dorothée,Torregiani
gbarnbrook4c,8e73a780-2b4e-433d-adf5-19676a07a1a6,Andréa,Barnbrook
pwaszczykowski4d,51d0dbd9-6a91-440f-b386-1a2d1ec8772d,Marie-hélène,Waszczykowski
mallone4e,617569bc-cdc6-4cd3-8778-0d0780e2637b,Audréanne,Allone
sbenjefield4f,c4913e2e-bd46-46e0-a253-53c129d39cfd,Pò,Benjefield
econdon4g,35a11011-f033-48d0-946b-1abd384b27e5,Publicité,Condon
joshesnan4h,cf2508c9-ab5b-40dd-9cf2-4730b8d82ea9,Mahélie,O'Shesnan
fhalston4i,e660515a-eb22-48e1-91c8-7e7acc87a7fe,Dù,Halston
humpleby4j,d80a5df7-7a4e-4827-b7f0-e6120141cd3d,Angèle,Umpleby
hisaksson4k,13dfd0a3-bd29-4a8f-96d7-189e4b141042,Séréna,Isaksson
sunderwood4l,29a96ef5-3606-454b-b95e-894ff40f040e,Maéna,Underwood
rkelcher4m,825d4145-971b-434a-9dcf-2dd949fea61b,Geneviève,Kelcher
cfittis4n,588ec5d1-831c-4f2c-84fb-69647de6210e,Bérénice,Fittis
ltolomio4o,d235eef4-f82f-4eb7-91a6-ede08eb7f1b9,Mårten,Tolomio
akristof4p,d0f4026b-0c52-4d33-bd0a-8d924cb4f514,Méng,Kristof
lcoulthard4q,13cc317a-1bf7-4b8f-afe4-155976ccc017,Audréanne,Coulthard
gvicar4r,b9143d40-31ca-4007-8578-4ff5ddd8dc26,Aloïs,Vicar
bbayman4s,21fd7f05-88f7-411b-9d42-b2935f847cae,Ophélie,Bayman
chein4t,883e8e7b-fa52-4020-b71a-3d02d938e25b,Marie-noël,Hein
hmcquillan4u,76ace0d2-f198-403e-bb36-a14043f650fe,Eléonore,McQuillan
nblewis4v,b46485a5-6ee9-43dd-bf65-a9baeb2d6649,Gisèle,Blewis
jentwisle4w,e37513b9-1f98-427e-9336-fde173c70773,Björn,Entwisle
iliebrecht4x,5ff0da23-8c9b-465c-911d-36f2fd8e7a61,Zhì,Liebrecht
srouff4y,f88e0761-3271-4bda-9231-21186a0ee934,Aurélie,Rouff
ggerrill4z,419a3456-26a1-4d28-b975-ac3700ed02db,Géraldine,Gerrill
crennocks50,5393ae0b-216a-4520-a4bd-e2426d205fd2,Maïté,Rennocks
twallen51,f6c6b61c-d1f0-4e0a-8ad0-bd616fccd72a,Anaël,Wallen
kfairey52,4a2ac514-2b4f-4bfb-b565-3e57af358f39,Hélèna,Fairey
rsuller53,b854e77a-1d0f-409c-bcb4-af6e11762f58,Marie-noël,Suller
jwathey54,1e034c1e-ea06-4fe5-839e-452c46642257,Liè,Wathey
asummerskill55,aa2f4ded-a941-45f8-9c75-548ad7abec48,Lóng,Summerskill
tcurgenuer56,f701e3d7-33d1-4da6-8c4c-2965961e1b0d,Geneviève,Curgenuer
dflippini57,6e1c4ec1-c6be-49db-b49f-48f37e7af082,Crééz,Flippini
fwilfling58,a2a8f61d-3f5b-43ff-b482-a20c3b1b0e0b,Séverine,Wilfling
gnurny59,d6e66b7b-9f6a-43ea-8422-fec0244f9da3,Ráo,Nurny
bklimkiewich5a,c997b672-8d79-4cfc-aacf-ca80588cb773,Anaël,Klimkiewich
tshellibeer5b,f529b583-690f-4a2d-9baa-6089a4565d7e,Andréanne,Shellibeer
keseler5c,7e603905-33f4-4144-b347-ffafabb30cdf,Aloïs,Eseler
sworg5d,7fb2f9fb-00f9-4ee9-8c37-5234c4fe290e,Anaïs,Worg
dmorewood5e,7c1c25e9-9956-4c56-9118-1905feb03b5e,Athéna,Morewood
sszimon5f,08739bdc-29f5-4b7a-b467-c3e7b814945e,Méryl,Szimon
nmillis5g,3917b847-1106-4981-8f61-d6880e93f928,Anaé,Millis
mdyett5h,bc09be85-1789-43c0-bb7e-f97d99944abd,Irène,Dyett
sschouthede5i,8be485ef-a610-4b83-94c8-bd7708b1b21b,Laïla,Schouthede
nacey5j,6149a9c0-5b93-423c-acb0-16fe200cbecd,Zoé,Acey
nfurmedge5k,8020d575-a70c-4086-9828-d951c130b339,Yénora,Furmedge
rglassopp5l,d267d439-9cab-4ca1-9d4a-dc967cc8b766,Stéphanie,Glassopp
rfeitosa5m,398a23cf-b930-490c-bc25-affc16d0fbee,Eliès,Feitosa
tlapenna5n,e2b137cb-167b-4cd5-9803-e6afca1bceef,Méline,Lapenna
vshew5o,d107a172-9a27-4c94-9710-53501586e667,Örjan,Shew
rsnar5p,2e712fcb-8c9c-429c-a9ad-cbf0e5b3131e,Océanne,Snar
kmacaughtrie5q,25c23578-72be-4103-a803-9a4f88a1fecf,Bérénice,MacAughtrie
hdigregorio5r,e6319092-ba7e-420c-92a1-f1c7aaf2eb9c,Táng,Di Gregorio
sstolberger5s,c388c9dd-4f92-4889-a967-d671fe5b468c,Mélissandre,Stolberger
dsimchenko5t,cea23f5f-7cdf-444e-bd93-fd042f8c3b4a,Mahélie,Simchenko
bertelt5u,1672216f-fbcb-44ce-a45b-770db4cdfdb1,Måns,Ertelt
rbenthall5v,d7219667-7a0e-411b-8485-24eaba41599e,Maëlann,Benthall
ematteris5w,b4b38ce1-e31a-4690-8dbf-1fa3eb9401a4,Kuí,Matteris
jlaverock5x,c74bf893-1b87-4e8a-be95-fa5be5269e64,Yú,Laverock
bwitherington5y,d101641b-a34f-40bb-bc71-c97e55a399c3,Clémentine,Witherington
nfores5z,38b97f78-15ff-4452-981f-c73ce81cb476,Pål,Fores
clambkin60,8a963cfa-74fb-49d0-93b4-b03cf2b06abc,Maïté,Lambkin
cferby61,5b0d3693-ad35-40c2-8fac-6f5d235c6806,Méghane,Ferby
msimonnet62,56b76503-e8a1-40d3-a069-25a3e785b547,Crééz,Simonnet
sbadham63,c144ea92-3c2e-4ad2-a95e-d8ae98be9967,Alizée,Badham
amilliken64,7429a886-e442-4de6-8b5e-df1d31c2f5d0,Styrbjörn,Milliken
rpaige65,994736da-132b-457a-8a89-fc5b940153e5,Lóng,Paige
hdedenham66,7b139ede-6b4d-429d-9f3a-7e607c6c9569,Zoé,Dedenham
pmolesworth67,61fc8d53-a572-4011-95c7-14eaf6ff5cf3,Yénora,Molesworth
tskakunas68,993afd38-2e11-401c-b97d-bc1226bfe328,Néhémie,Skakunas
hrawlyns69,b56636e5-0a8a-40aa-af78-9ed87ec52aaf,Bérangère,Rawlyns
ecuming6a,a0cf3da6-ea40-43d9-80f1-787240af36c8,Stéphanie,Cuming
bbau6b,6ecd842b-bfa0-492c-a3d8-4d72983b09fe,Personnalisée,Bau
lmcduffie6c,cccf930c-004a-4f56-90b8-a0a19d3b0e39,Géraldine,McDuffie
ecarpenter6d,2fd845f6-825f-4280-abe7-4788a7f7e168,Frédérique,Carpenter
leisig6e,26dfb19e-488b-40f0-92a7-ab04d173959b,Mélanie,Eisig
wcabedo6f,6efb5227-a15a-47bb-91af-103ab5934395,Clémence,Cabedo
dburden6g,0aa10ddf-55b8-48ff-b50c-2e626564adeb,Aurélie,Burden
jnowaczyk6h,3dba50d1-ce06-4b15-91aa-a0f08ec5bb00,Björn,Nowaczyk
pporcher6i,b5cf2ff0-8e6e-4cc9-aa88-6e9bf9d0cdc0,Eléa,Porcher
laskwith6j,8c895115-3e57-4c80-99bb-d82d62a8123f,Agnès,Askwith
mgrimwood6k,76d717c2-b6ec-40d8-92f5-1e8af225dc1e,Salomé,Grimwood
lmayer6l,78c4bdb7-a9e9-4fb0-82ed-5568d41e032c,Réservés,Mayer
jstainfield6m,49887610-fecf-4356-86ec-b035b5bfa91b,Loïc,Stainfield
tingolotti6n,115f3211-a53a-4d7a-8328-e253ed31a9d6,Hélèna,Ingolotti
gmeegan6o,b6c864b7-ef49-4fe9-9f1a-94984887d76d,Mégane,Meegan
rgebhardt6p,afa5fd82-1726-4cd3-baed-333cc31d65ac,Åslög,Gebhardt
ehalworth6q,542c5eac-dd1d-482b-a23e-fee38c134554,Styrbjörn,Halworth
kbeckson6r,53551c8f-c479-40bf-ae06-c24b619bb46e,Táng,Beckson
gedlestone6s,6e9482de-a90c-4597-8c02-2e30c377f322,Maïté,Edlestone
wphinnessy6t,fe4e3328-e4af-4e9c-923b-749219d2c21f,Illustrée,Phinnessy
mlissett6u,e83534c5-9cdb-43a9-8299-c726727f106c,Léandre,Lissett
dbrawson6v,28c805cb-d46c-4922-8e92-4fcd95a36953,Salomé,Brawson
cmackean6w,b93351aa-5df2-468b-8359-e32731622c33,Gaétane,MacKean
ggrishin6x,5b849bab-dd60-4bd1-87b2-0625880a6019,Lauréna,Grishin
sbachura6y,67d97e68-1c0b-4abe-b156-17f3c65094dc,Aurélie,Bachura
rbaford6z,265d44d0-0f48-4b96-80e6-5baa66574204,Lyséa,Baford
srickard70,3afafc78-ef4e-444b-b648-c5de5d7a36ac,Gwenaëlle,Rickard
nbeach71,dc1ec4d9-797b-44ce-80c6-9988020a7d66,Thérèse,Beach
icleugh72,e25e2815-afcb-4939-98bb-98568028289d,Maëlys,Cleugh
tduckit73,2957938e-adc2-4ff8-9312-0c08ae3d8d2c,Eléonore,Duckit
dhallewell74,623c163b-460d-4abf-af0c-e018a5aa08f9,Mélys,Hallewell
ccrowden75,37a73f7f-ea0c-4a47-946f-098e3f6a3d2d,Daphnée,Crowden
bpetruk76,1ca013c9-19eb-49cb-b844-b0dcd58df6b5,Méng,Petruk
rbangle77,fac25dc7-3b07-43f3-bc16-fbfe63dd6b48,Zhì,Bangle
bchrispin78,2f80343c-0781-4b67-b32b-9cea98bf13d4,Mélinda,Chrispin
dbuckhurst79,97fcdf56-2ee3-4adb-a49c-3671aeebacaf,Lucrèce,Buckhurst
ssizland7a,6836d68f-7f1a-455c-b3ae-79cee6211485,Geneviève,Sizland
agrint7b,1bcbe81e-408d-4368-a6a6-21c5779e54e0,Méghane,Grint
cgillbee7c,ff41838f-082a-417f-93ba-75c1b7bdca84,Maïly,Gillbee
gdurant7d,ea409e40-e6eb-4eeb-a727-2a55b1c6b9dd,Noëlla,Durant
jospillane7e,cd8f9060-0bcd-4ca6-a3d0-b66a1ebb5691,Mélina,O'Spillane
ksperring7f,339eb611-9d7d-4cfc-ab26-b95a9dc60ae1,Solène,Sperring
ajowett7g,4af954ab-a1a4-4211-837d-67b7f5a803ef,Stéphanie,Jowett
nharg7h,749434fe-280d-4dcd-b1ed-b50aaaf3ce61,Intéressant,Harg
mruby7i,652515dc-9131-4792-8cd9-104cad01fb21,Marlène,Ruby
awhytock7j,22ab608f-5d57-4382-a64a-230b404a7971,Méline,Whytock
jinnot7k,013f8e26-3d0b-446e-b694-32ef71b5dbad,Mélanie,Innot
hgrenter7l,da25d573-a5f3-477a-882c-30db10f1eec6,Réservés,Grenter
igothliff7m,8da63bec-a117-47c9-acd3-e8269a2ab1e0,Zoé,Gothliff
aeyckelberg7n,821fa0e5-fc84-4743-86ac-4bc000afa7fe,Maï,Eyckelberg
ahauxwell7o,87d085e4-6540-4d26-b718-9f439d4eab97,Nadège,Hauxwell
cgetley7p,6ccf003c-8b47-49ee-affc-62ce7d6adbac,Táng,Getley
mvanderdaal7q,eaa51502-65ab-4ae7-9529-25554763d4e7,Örjan,Van der Daal
bhucklesby7r,4a7a1373-a44b-438b-b5e7-72c87a60a929,Salomé,Hucklesby
tisley7s,80ff02bc-e88e-46b8-886f-fb76c88d091d,Léa,Isley
cdorbon7t,8e8d6b90-9100-4530-8f51-d27b3940ab7c,Clémence,Dorbon
mbirdall7u,c936300d-466e-4346-a950-9ef5f7ba7fec,Gwenaëlle,Birdall
bwesthoff7v,04427655-3992-46ec-b5a4-1cc9ff2f8a50,Nélie,Westhoff
slivingston7w,9a62bac3-2040-4ad6-a2f3-63f976f0e408,Annotée,Livingston
xmapowder7x,26ac1eef-29c4-4bd5-941a-992b69652534,Méthode,Mapowder
pjiricka7y,e5862643-4845-4756-8626-d67b0fa287d2,Sélène,Jiricka
hmytton7z,8762e238-364f-4dff-b959-c5c407d8fb33,Daphnée,Mytton
dmordy80,786b64ab-eb05-4e7b-97d7-a7b13aab7fc1,Sòng,Mordy
hdurek81,8aa92477-c4e1-403b-9beb-3dc044fb78ba,Dafnée,Durek
sstyche82,8b507fe5-eed7-45fe-849c-9c751efe1733,Amélie,Styche
bkilliner83,bed97e42-a90f-4ee9-ac5f-ac26273514cf,Maïté,Killiner
dgrigg84,f1ae127e-27bf-4a9c-a5ea-d4e6b13f6f4f,Torbjörn,Grigg
jhallard85,9e635331-970c-4790-844f-570def7ab85b,Edmée,Hallard
tmawer86,82a83140-ec90-42a8-b202-6db10ae3bd31,Simplifiés,Mawer
mmacclenan87,0068835e-3102-47b8-ad8e-da3274cee70a,Méline,MacClenan
pchrichton88,bfa4bf00-8c6b-4a2e-b35d-ed0eac580c4d,Mélinda,Chrichton
adowber89,cabd2ae0-34f4-4f86-a2bf-88511ded6383,Léa,Dowber
hthacke8a,512aa033-66ab-4922-9331-f0249a0d38e4,Ruì,Thacke
mburnham8b,3356574c-1e56-4a22-bcb0-57541474aa39,Maïly,Burnham
kmacskeaghan8c,c0a9ccc1-7b22-4808-812f-47e1371711c7,Océane,MacSkeaghan
lsqueers8d,f445430b-ad8f-4db8-85ae-ee45d926bcf3,Mélys,Squeers
ecollis8e,f34fb443-5442-4584-a6fb-346f773d93b0,Nuó,Collis
semsley8f,96cac05b-c036-4184-8a8e-46d41ba94b1f,Séverine,Emsley
ddelmage8g,47f8324a-34e0-4ab4-8dcd-58469a7f8ba5,Cunégonde,Delmage
kbalsillie8h,3dc64f10-0d27-4b5c-a04a-84e8abbbc896,Håkan,Balsillie
bgoves8i,ce8607db-930f-40f0-b620-ebe3e49add08,Dafnée,Goves
streadgear8j,e7962739-a99c-4afc-8d37-c25d440ff545,Erwéi,Treadgear
zmaccorkell8k,ebf2a096-dc3e-4598-92f5-4748474d714f,Mélanie,MacCorkell
mmaris8l,672425ea-7799-4a86-ae83-bbdcfae8ae09,Maï,Maris
jstenson8m,56c4a60b-d604-4fb6-9d38-1db7e653f175,Maï,Stenson
kgarrattley8n,6e00dc29-68a3-417a-80bf-e879d32a7861,Cloé,Garrattley
lglaysher8o,7079f5c4-bf35-499b-ad0c-b22cfef441b4,Yáo,Glaysher
fburlingham8p,a0515ad0-13c4-4ab8-91cd-d0d223f92ddb,Eliès,Burlingham
rlacey8q,5c2a3180-69b8-4b72-90ef-19062ff896fc,Táng,Lacey
dfills8r,c3914f34-ae81-43e0-8425-2453e632eef9,Hélèna,Fills
gboays8s,24bc4158-f7e6-4b9b-8f84-625552628e93,Tú,Boays
sbulfoy8t,854fe77b-8a31-4986-a2c1-e1a6037762aa,Mélia,Bulfoy
gaugustin8u,c2bf3f71-79f5-493d-a22c-9559786cfa7a,Marlène,Augustin
flarwell8v,13139998-6ec7-4cac-9f97-e907956f99d9,Björn,Larwell
zmccaw8w,0fe7f450-d087-4055-9466-4299257c974e,Laurélie,McCaw
hturone8x,1fb13b31-de3f-41c4-b318-b6e0d57dfc2a,Anaël,Turone
mpreddle8y,cb139071-67ee-4ac8-b039-b0ca071c113e,Géraldine,Preddle
bkwiek8z,9da6aa4d-022b-4c60-84b4-0295a33da4ae,Gwenaëlle,Kwiek
haveson90,b43fd0a3-e9e7-4090-9450-89e70aa54bc2,Vénus,Aveson
hgaymar91,80517e6a-cc49-4120-be1b-67127d468786,Sélène,Gaymar
ssimeon92,3c0024a3-a9ca-4b59-bb43-5c68f3ab70b2,Audréanne,Simeon
bkirkam93,69e01f30-f6b2-4244-8316-289425dd5bfa,Michèle,Kirkam
gdendle94,ae319471-02d0-4467-a682-2db1ed3e81f3,Agnès,Dendle
tlorain95,55d5b13a-a041-474a-89d7-567c6981ac29,Örjan,Lorain
faverill96,8fb88f8c-3557-478b-a247-9537720379be,Maëlla,Averill
sleaves97,05d0a741-5dc6-42f9-a1e1-8691245d428a,Bérénice,Leaves
fcoffee98,ce2de339-f110-4bcd-94cc-7751b178115b,Loïc,Coffee
dtullot99,97b006f7-1feb-4782-ba7d-2bc889901e24,Inès,Tullot
arowter9a,7c13120b-d638-4c43-a4a3-a228f1b12efa,Cunégonde,Rowter
kpenny9b,e0034fe8-c26b-488c-8be2-e0d09ff6dcda,Desirée,Penny
caldwick9c,6ce5c32b-bba1-4d93-9144-aed435985c17,Aloïs,Aldwick
jlyard9d,a0898943-c0e3-49d7-a574-8c1ecf222c07,Marie-ève,Lyard
lgodilington9e,4cd23206-c2a2-4a73-abac-de00731658ec,Loïs,Godilington
kestable9f,4aeb28a8-8365-462f-a88c-42974ae12d1f,Méng,Estable
dkensett9g,42d8c441-e6e5-499e-b03f-a84aa84b06d1,Mårten,Kensett
ghawkett9h,a6fac006-c212-48d4-8888-2561f7d19786,Lài,Hawkett
ggurys9i,33fbcc09-f5ec-482c-b121-5be3531eafbc,Örjan,Gurys
abauduccio9j,c27fba15-9dc8-4859-b452-bfa44188aab5,Mélanie,Bauduccio
kfawson9k,7f0df585-4aaf-466e-bc82-f5277c8bedda,Maëline,Fawson
lwelch9l,c1fb8b4c-d7ad-4119-9313-e559859bd8bf,Ráo,Welch
cruby9m,1919a658-4575-494f-9187-e2d31fb5d0af,Lài,Ruby
lwhetnell9n,97eadbe1-9b99-4a85-98bc-00475e4bfdea,Marie-hélène,Whetnell
rpearn9o,01ca9848-5de7-4055-b999-add28a66f03f,Mélina,Pearn
kdunsmore9p,f622e408-cb9b-437b-8c58-4169e9386059,Anaïs,Dunsmore
pbenedikt9q,2faaa645-0bf3-4666-9a7f-e9cbcefba6f3,Estève,Benedikt
jhannah9r,22584d12-9f20-4422-a5d6-cb63573172b5,Dorothée,Hannah
rhackforth9s,d52f4aba-e3fc-4014-ad15-c61f82dc337e,Méryl,Hackforth
btussaine9t,885aadc7-2d67-4289-af33-4a5fa8729812,Renée,Tussaine
ppavlenko9u,9e0c6aa3-24f8-4f66-a3bb-a3d107204f93,Eliès,Pavlenko
beffemy9v,d556db39-0b00-4f47-ab12-16440f2eee86,Geneviève,Effemy
imcbeath9w,ad95a6d6-a859-404c-89e7-b93772b4748b,Åke,McBeath
dskeemer9x,137a9f81-a436-48bb-99dc-6122d86c824c,Anaïs,Skeemer
cmyrick9y,9884ae42-b6fe-4c81-915b-6370b851ad75,Bérénice,Myrick
trender9z,af7c2df8-97d7-446e-91a5-4fc26adf5f38,Estée,Render
tackrilla0,6a2a2844-e997-40f3-ba8b-938491cf943b,Gisèle,Ackrill
tstickingsa1,6a4f7b3c-ab43-4247-bf80-71c8b9da6236,Gisèle,Stickings
vnunsona2,46945f81-d89f-42fc-a090-2667b2976fd2,Maëlann,Nunson
hphillippsa3,75d85a7f-9c36-47ef-a652-aa381eca6b94,Ráo,Phillipps
dregardsoea4,0259d147-44fa-40a3-bc58-349e3712fce0,Daphnée,Regardsoe
druegga5,72c08c98-dc3b-4de0-a314-f8b15fb49e80,Aurélie,Ruegg
leadmeadsa6,83d4f089-7767-4999-a6ac-af40f0eff76e,Agnès,Eadmeads
achevesa7,297fbcbc-5646-49c8-9a1d-d243108af6ab,Maï,Cheves
mwippera8,2cbc3168-00cf-49e1-88c8-506a471011a2,Åke,Wipper
aeschalettea9,8a44821c-7238-4de1-80d7-da4bcc93b1ec,Stéphanie,Eschalette
cdargieaa,4a4a4f9f-5706-4af0-a230-8fce5033b202,Marie-hélène,Dargie
awarrickerab,314572f6-2853-496b-8264-78e79de0b483,Inès,Warricker
rmarmyonac,407bfc2c-6633-4446-8098-e474dba01c6a,Dà,Marmyon
pdyetad,18a05116-55e8-4f0b-8807-cedf0fcaf5ad,Célia,Dyet
bfrapeae,e63ed47a-f08d-4cf7-b0ed-85d84e664c44,Styrbjörn,Frape
sfinanaf,1fd78f53-6376-4786-adcb-588aa3365662,Lài,Finan
cbirkmyrag,0ec67fc1-c3b8-42cd-8aad-7a149d7917a4,Rébecca,Birkmyr
acrewsah,b3b0f6da-cf23-418c-8352-051da3aba0f6,Angélique,Crews
ktremathickai,a4bc6392-bdae-4234-b434-df89bbce1ae3,Eléa,Tremathick
afirmanaj,f1796476-771e-49fd-a148-6b5dee5205f4,Françoise,Firman
dorryak,45f35d3b-b198-4bf4-9a97-aff09d71590d,Lyséa,Orry
dschultzeal,779a9b0a-9de9-42fd-9797-e59520cdabd0,Gisèle,Schultze
lbaddoeam,f1652c31-d850-47d6-9a76-2f89401f2921,Pål,Baddoe
msurgisonan,64b80366-cba2-4a57-bcca-3b4dcd419ca0,Kù,Surgison
dpfaffeao,8ab555d4-d0c7-4df5-b7d6-f537d706962a,Mén,Pfaffe
tkachelerap,1d4edcfc-c63d-42f6-9943-d00a85b64648,Styrbjörn,Kacheler
amaccarlichaq,5dddb145-fca2-4617-9b69-3557734e873d,Adélie,MacCarlich
dashforthar,135333e9-46dd-4bcf-9517-f807fa77d415,Táng,Ashforth
ojaffrayas,9b4ecaec-5856-461e-9074-6156356d01a3,Naëlle,Jaffray
agodfrayat,34254aef-bf11-45a9-acbd-3c0883728142,Pélagie,Godfray
lbannau,b5d18b37-8ee4-4d4c-abdf-17ca8ede5bf5,Marie-ève,Bann
mmoseyav,29ad5cd9-ded5-42c6-b003-73e40ab0e3a4,Bérénice,Mosey
cstarmoreaw,29d7e292-24a4-4579-9c85-b819756f9a72,Uò,Starmore
ffugglesax,2809706e-c6b5-4166-b135-a8f14b580ae7,Jú,Fuggles
smacliseay,c11b9270-b999-4909-ade4-b75dcc8d6a4a,Ophélie,MacLise
awinfindaleaz,32c31859-d817-4eaf-a429-85fb45a3c10d,Håkan,Winfindale
dwimpressb0,40f4b4f3-7175-402b-b82f-b3ff0336473a,Thérèsa,Wimpress
mbartlomiejb1,b3ac3e53-5e0f-4279-934c-5b37b1295f5e,Lài,Bartlomiej
vmullardb2,1de0edf2-3420-4cd3-9689-cf7a3ed8c78a,Salomé,Mullard
dswallwellb3,97f91570-ac7a-42e3-9a92-43027338d9e8,Léana,Swallwell
selesanderb4,a63fc80d-ba31-41e6-924a-5c161ad9ca6b,Mélanie,Elesander
cgealleb5,50c41f11-22b7-437f-a7a9-4171d6e8724f,Cécilia,Gealle
gmiskb6,b18f60b3-5e42-49aa-bd52-279240c6d992,Adèle,Misk
ligounetb7,177eba0a-c607-4c7c-abe1-dbc77e7db890,Noémie,Igounet
mbalfreb8,56ba464b-1088-47f2-8d2c-d3009f144677,Pål,Balfre
mthrasherb9,a69b6a9d-92c0-4d13-94f6-0452a43ca4fe,Sòng,Thrasher
bdevonba,22f52702-4c1b-4685-b85c-6c476e5a9545,Intéressant,Devon
rdeboybb,0bbe1514-c278-4412-a090-a51ce45ba29d,Marie-ève,Deboy
cvogelbc,6c2b4c44-4178-4504-968b-20063d16952f,Jú,Vogel
flavisbd,a981a9e1-6925-4c4a-ad07-6096c95462a2,Céline,Lavis
mwilmutbe,051369a1-2df0-47ef-9e4d-122757a4e6ff,Wá,Wilmut
sriddlesbf,2c22f098-bbbe-4d03-807c-53915a98febb,Örjan,Riddles
kcleefbg,1c2d1ae1-883c-4f0d-85db-7e7ac3d15210,Åsa,Cleef
eocrevanbh,115c1ffe-0c67-437b-b395-e22e3dc31481,Geneviève,O'Crevan
mpattisonbi,2972194f-7071-41e6-bd80-0d3385ab18ed,Loïs,Pattison
rfolliottbj,4a6e4098-d28e-453d-ba15-883d8e012a2a,Faîtes,Folliott
zpetrukbk,2e169bf8-0c52-4aac-9801-b2f88ee675c0,Aimée,Petruk
hsleightholmebl,cf43d20d-6c19-4221-b8aa-9dc1853ff4ea,Lorène,Sleightholme
dolkowiczbm,67c6f281-c29c-4922-93b2-fea6e301cc85,Ruò,Olkowicz
smcisaacbn,3a6abda2-b235-4430-b743-6a7094388e41,Mén,McIsaac
rstellmanbo,7527dd34-76f8-4b47-8b87-118088e319f6,Adélaïde,Stellman
jchadbandbp,398ec375-07df-4a1b-92c1-109e36b0b35d,Lorène,Chadband
eduplanbq,43285311-647c-4e12-a2d7-f0356a60767e,Garçon,Duplan
dgwillyambr,86365645-23b1-4ac2-8405-0ccf55b04aae,Pélagie,Gwillyam
edilkesbs,7d99532c-4d8a-42a9-b177-ab055b766912,Sélène,Dilkes
mburfordbt,7853ad7b-e1fc-4612-8c6a-c847fbdd27a7,Clélia,Burford
sfuidgebu,19429b49-dd33-43aa-8924-99a0d58bcb5e,Yénora,Fuidge
cmilbournebv,0f4eb586-89ec-4e40-94d8-c20e7b032695,Naéva,Milbourne
kfromantbw,e859bb0c-70e5-44bf-bae3-c815cd1eeb88,Anaëlle,Fromant
nblackwoodbx,eb7fe88a-ae0b-40af-b619-e75c361e60ac,Nadège,Blackwood
tdrysdaleby,92aa58ad-545c-49c9-96b8-db02309d2193,Tán,Drysdale
agerlingbz,00679919-8c64-48ed-a6aa-4ffa272d2d1e,Lyséa,Gerling
bhaggerstonc0,8900e38a-c7cc-4145-8699-f129a51bfbcc,Clélia,Haggerston
cblofieldc1,597928b8-ec5b-4485-b3b4-f264b683f6ca,Maëlle,Blofield
sbernardinic2,30bd1aed-1feb-4867-a5da-6db9328505b3,Björn,Bernardini
ibainbriggec3,e7d2372e-4d96-4df2-8715-09091a011afd,Uò,Bainbrigge
vduerc4,9dd27da1-d3ae-4465-aa1d-eee61193ce66,Pål,Duer
ddelepinec5,3c8de128-fea6-4c71-a3aa-9d9c6d1a3b58,Angèle,Delepine
achansonnec6,0fc6bd4d-ced5-473f-9ebe-1c9316ccab0e,Adèle,Chansonne
egoorc7,f391151d-a1d4-4abc-b0a4-b10c3569adc2,Aimée,Goor
bisworthc8,f685c3bf-c613-4ae4-ae8d-de22a70a4399,Adèle,Isworth
adowc9,9a76c47d-fbfe-453f-b344-ec9cecec2c1a,Ráo,Dow
bjoselsonca,49f523f2-6086-4e21-a705-ac192d4fc2ee,Faîtes,Joselson
ccullincb,a8f5cb07-7392-40de-b8a2-1027351e1985,Maïwenn,Cullin
qlodincc,54e00289-a5fe-450f-8585-0e5d3219d666,Audréanne,Lodin
asainthillcd,ffdc3ef5-c8a9-4371-8e87-fdc635753040,Cécile,Sainthill
cbeaudryce,b02cd53e-a6f1-4ed2-b6a0-e345e54dacd1,André,Beaudry
kpenddrethcf,e7ad7978-1224-4235-a0fc-64280cb9dd6a,Cécilia,Penddreth
jbenoitoncg,6b34263d-1c4d-409b-98fa-54d1c7a0b0d1,Crééz,Benoiton
ftitcomch,6d1d361d-6811-4ceb-9096-bb1ec15bb738,Gaïa,Titcom
lsauniereci,f2913cba-c001-4c5c-b364-fc373897988b,Laurène,Sauniere
wungercj,9b90339f-5071-4348-8916-6b125d972bcb,Maï,Unger
lhuffeyck,b61f2db4-b2bb-4735-ab1f-36fb9206ecc4,Céline,Huffey
bjacquestcl,62ba2be0-6e32-4494-926a-279f40bd758a,Cunégonde,Jacquest
mcutcheecm,e87672e4-8592-4ee3-865b-ecbc72314d51,Léonore,Cutchee
kazemarcn,ed8b2e28-85ba-4eb8-ab3d-16572114af85,Marie-hélène,Azemar
ruwinsco,cdcd2bdd-451e-42fe-bab7-4bbfb738fcc3,Anaé,Uwins
eblaszczakcp,b886534e-25e1-45d8-83ce-ad3dfd7d66c5,Pélagie,Blaszczak
esabbincq,caa674e7-1318-4951-a68b-f67e20f67c25,Eugénie,Sabbin
fsmithermancr,5f2a95ae-b8bb-4741-a0b8-16e529955959,Dà,Smitherman
fkaplincs,e24195dc-a010-44d5-8f24-714c8fa69215,Camélia,Kaplin
mheadonct,f6023995-0f44-4124-a58f-4d9f8589a5eb,Maïly,Headon
ipetcheycu,099063fc-bd61-4f6d-8d7d-d7b038cedd3e,Maëly,Petchey
dcamillocv,949ad1ec-187e-404e-a3ef-23bede6b5164,Ophélie,Camillo
falvencw,c8e087c2-b2c0-417e-8498-af80d897181e,Eléa,Alven
afostoncx,f96c2555-02df-480b-9c17-d54f957eca5e,Vénus,Foston
rkolakoviccy,b9fd390a-dcd8-4a4d-b7d9-757799292d23,Garçon,Kolakovic
ahanfreycz,46f500e0-d746-4da6-af8e-b27871753fd6,Maëline,Hanfrey
imilad0,bf3df669-cb96-4f69-8dd3-167580d2ca4c,Lauréna,Mila
ctingleyd1,5a248299-c83e-4393-a7e6-880b7a986742,Anaëlle,Tingley
jstyled2,7cf1370e-350c-4964-8a72-f7efa50b856f,Zhì,Style
mgaraghand3,8b6a0446-9110-4970-ae42-983c41ab5df1,Annotée,Garaghan
rhockelld4,bc6710df-6b6f-4a4f-8a35-e0ec3468a96e,Léane,Hockell
lmattead5,c4041edf-da15-40ef-9d17-ab025a36723e,Tán,Mattea
wbailesd6,4ec34687-bed4-4962-ae2a-d6be1435f849,Estée,Bailes
jtorpied7,b473fb0a-9c45-47fa-bbee-d7edd56b4acc,Chloé,Torpie
bavisd8,efbf4e93-7041-44fe-8849-f1bfe188a074,Danièle,Avis
lwilemand9,40b709d6-7009-4c7f-96cc-1330606c99af,Yóu,Wileman
bmantleda,f041a975-6021-4962-82b5-8282162e4c17,Geneviève,Mantle
okrikoriandb,164b4603-4b7e-4992-b3cd-73a891d755a0,Océanne,Krikorian
rsymondsdc,a300ac20-7eca-4955-a138-0b7a2fdeecdd,Tú,Symonds
kimasondd,36c65982-82f8-427f-ad0d-cba82b7b628f,Pénélope,Imason
jjanousde,bc02060b-3d64-4110-b5c8-b4cecd666371,Céline,Janous
lfaudriedf,16e0322f-bd67-4bed-a429-3e31d075913b,Mélissandre,Faudrie
msellnerdg,107c162c-f554-4975-9739-c12f26766c59,Bérénice,Sellner
gvoasedh,cd7c4d1d-3474-4a4d-9499-2b2188846bb1,Bénédicte,Voase
cgumbdi,43ad717b-b2c9-4b05-af9b-9320c661e567,Vénus,Gumb
tlivendj,dc31e33b-c4cf-477d-9775-16407fac090b,Méryl,Liven
rcairddk,9b61f94d-a592-459f-936c-805a329d6d87,Fèi,Caird
tpedderdl,debce959-c1a3-4a60-bc3f-582dd3fdc5e2,Mylène,Pedder
fmackneydm,edffd250-94c1-407c-ab3f-74095fff1acb,Alizée,Mackney
fbusswelldn,33ecbfe3-4a60-436c-888c-2fb8af97380d,Lóng,Busswell
wabbysdo,e37703d2-ddb4-42e5-86b7-4a12209262f0,Stéphanie,Abbys
gjarreldp,66f50c64-fcd8-457f-a649-afac1746bf22,Méghane,Jarrel
hhiggendq,6f69462b-b74e-4daa-9152-99095e4fac4b,Eléa,Higgen
creidshawdr,180129c1-3757-47f7-a507-a64c4bea384f,Réjane,Reidshaw
cspearsds,e553a5d9-d0a5-42ff-9933-c9ceca1afd66,Dorothée,Spears
mhinemoordt,fdfb4c51-de75-4cb0-921c-a055f7db040c,Cinéma,Hinemoor
vroomesdu,d7858970-668e-4b18-8bd7-8050c99c2956,Mén,Roomes
dyuryatindv,0d639a83-ed18-46fb-87b0-580f568d37c8,Adélie,Yuryatin
atessierdw,abf506a9-e211-4412-927a-d1ba365729e7,Yénora,Tessier
hveelerdx,fd07ae55-9fbe-488f-bb78-8ce6425c15ab,Thérèse,Veeler
bdoogooddy,6994cad3-75c1-465e-83b9-2199bdf57893,Åslög,Doogood
melforddz,9874f99d-bef1-4156-80cf-1b5b88dc830b,Hélène,Elford
bmatusheviche0,4d8367fd-4d78-424c-9d94-e92030c6cdb3,Hélène,Matushevich
cbrazere1,13e512b1-d665-4b0e-b120-9a4b65009510,Maïté,Brazer
jgivee2,a169c5ca-d531-4b3e-8c7e-2c6e6ca35b19,Agnès,Give
rgibline3,e3ce507a-d9a8-4785-84d8-fa39d472d763,Clémentine,Giblin
bbrazeare4,08a0c374-df7e-422a-90f3-b1f36cc5714c,Yè,Brazear
ljaouene5,f7c03ad9-15e1-4ce9-8e56-7de0711fb22b,Kallisté,Jaouen
dyurysheve6,34d3eab2-d340-4c48-a240-574e9f0da248,Clémence,Yuryshev
cmccorkindalee7,5df03ef5-bf94-4e40-9746-b225be10f6ad,Pélagie,McCorkindale
lhellwinge8,edd94a3b-b846-4fa9-9a5e-d7077fb2ae1c,Mà,Hellwing
lswitsure9,de749c20-1105-4684-89d1-707e4cc2ad73,Maïlis,Switsur
tledesea,4f7e116d-c75b-49f7-8b72-79a3bfb48b22,Magdalène,Ledes
shollingbyeb,97e6048b-6cea-4f84-96af-b3a041b92605,Inès,Hollingby
ccochetec,9cfae637-e57d-42ce-826d-6e3c67d573f5,Audréanne,Cochet
gcorsored,237d8739-ba15-4698-8a0b-0b5659e5e34a,Lèi,Corsor
bmattheisee,5a4731e1-73b5-42cb-8ab2-f3d0eb6567bb,Danièle,Mattheis
llinneyef,151df37b-6d10-4394-a131-059b3debf896,Laïla,Linney
bcrucittieg,3427c00e-1802-4963-93ab-1b3418d73222,Anaïs,Crucitti
kgiacobazzieh,c0863a12-93a9-4977-a8e6-6114dd8e316c,Léone,Giacobazzi
kpengelleyei,726cc7e6-c12f-4eeb-b6b8-488d844682c3,Mélodie,Pengelley
acanferej,e1fceebf-2f1c-4d1b-a218-95fc0339adc5,Kuí,Canfer
sgammidgeek,b6461080-4c63-4a09-b9f0-8059a3627a70,Mélodie,Gammidge
shartel,255fe99e-099a-468b-a434-4006e442ed5d,Kù,Hart
krilingsem,793398de-5e44-44e8-8dbd-df89d54d355f,Vérane,Rilings
wgarkenen,876a9b50-87b6-443d-8498-d797658105df,Anaé,Garken
pparcalleo,57b64851-fae3-437f-b804-4daa91966eca,Bérengère,Parcall
ghullotep,bb90a80a-affb-44ab-9c9d-1a0616042882,Styrbjörn,Hullot
ljorgenseneq,cf503cf2-3284-4382-aa18-5ad58cf96e37,Marie-josée,Jorgensen
swickener,a3f7bc9c-5fa3-4ed1-86b1-539786ab9dfa,Zoé,Wicken
dpeltzeres,f46c405a-2aeb-4c15-b60b-707d25d7e945,Bécassine,Peltzer
mllewellyet,6b7c4079-b571-4594-b992-1c7bba6c3def,Nadège,Llewelly
mhillaneu,826192ce-6594-46a6-98d1-ad9c362b65f1,Célia,Hillan
ghallev,6155a7da-5de0-4084-aca1-0909fd378b1b,Josée,Hall
ggabeyew,0339dd4b-86fb-4d82-a49b-ae0c0166fe08,Océane,Gabey
kchalklyex,c7e5cd9d-a65f-45cd-8500-e2ed9c8d58c7,Tú,Chalkly
slismoreey,bc5a6d24-00eb-4b53-84a5-1d75f3fa8dac,Loïs,Lismore
egariochez,0399687c-9b96-4550-bb7b-1b9a2a86d0d7,Méghane,Garioch
athorburnf0,7f383021-3643-47f0-a68f-f62112ddd89d,Laurène,Thorburn
hantwisf1,154d1201-3567-4fd1-8cc7-de8f4d89c902,Cunégonde,Antwis
istannettf2,f77ad81a-86c8-42c0-8058-74ab0581349b,Mårten,Stannett
vprattingtonf3,60c5e116-9aed-4931-bd14-cec9160935aa,Loïc,Prattington
mbonhamf4,fe349e31-b953-44f8-a7e3-d87a5194b400,Médiamass,Bonham
zcristofolf5,d225a94d-d8d0-40cd-8e51-6dfd1c91e164,Uò,Cristofol
mbrahmf6,f8551b42-9369-4ed2-8e93-b739503f5d8e,Garçon,Brahm
dbraccif7,a70071bc-c23c-481d-bc48-d8a8a44d6469,Maëlle,Bracci
vwarrackf8,703982c4-0d2e-49d5-9157-b5c269a61e58,Naéva,Warrack
ekestinf9,a62c6d4e-7f0e-4ae4-ab48-70a47010d31f,Andréa,Kestin
ksatchfa,d472476d-49b8-47b5-b0e2-ee6325b6a8b3,Léana,Satch
rcantillionfb,73bb0a11-6e7e-4594-94a0-4a5008d08821,Torbjörn,Cantillion
iturpiefc,4d68a20e-2e6d-43c7-8890-9704a57d07b4,Zoé,Turpie
pgoodsonfd,5a478964-5bc3-4c52-8c14-954a459952fa,Jú,Goodson
hlorentzfe,028715a2-af42-4680-9bd3-c43b7bebd940,Marie-hélène,Lorentz
ameadowsff,7f8c5f75-c90d-4086-b530-b17204b75018,Táng,Meadows
csteablerfg,ec4703a4-dd17-46a6-ada8-161cbcde5cb4,Laïla,Steabler
mblyfh,4c8f4102-b8b9-4a0d-97c5-c467e73b93c9,Thérèse,Bly
gcolbeckfi,c274ce5c-ff4a-436a-8645-e9f5673d842a,Séréna,Colbeck
tropkesfj,2247b42f-8409-4554-9cd9-bdc6cd5764b5,Lóng,Ropkes
ecampkinfk,99cd13f2-df1a-4fb8-8a94-613199ea2aa4,Ruò,Campkin
pmccrowfl,4031af52-d030-4efd-979f-c391c923c24e,Maïly,McCrow
ddobinsonfm,520f9393-608b-42c2-b919-0d3facda4ea5,Maëly,Dobinson
cheiblfn,438e8133-96b2-46b5-9949-af6ef9b8ffda,Yáo,Heibl
geneverfo,ca7a5c20-02b6-47bb-ba73-615a4b5e7f4a,Nuó,Enever
bgirlingfp,2774f930-7ac7-43bc-b4d0-25044fe12d4d,Réservés,Girling
kdoefq,4cc74223-8061-4c60-a19e-1781588ffc6a,Alizée,Doe
dboddiefr,83cc68cc-b44d-4c16-87de-775595d56f02,Séverine,Boddie
mbridgefs,0a2abd02-4bd0-4d55-9fd9-a19552f0cae3,Mà,Bridge
ptyerft,8e7e7037-ddf9-4d76-8b20-c5b3fdd44629,Lèi,Tyer
jalgorefu,fb0c09b6-7664-4abe-9dcd-9633255d24b9,Estée,Algore
rlevesquefv,2d7555d4-136f-4e96-bf56-6d3c53fb5246,Dà,Levesque
gberrygunfw,9e86a497-70be-4a2b-b8c5-af9115cfaa4a,Estève,Berrygun
adooheyfx,4b593b80-5c10-42dc-8c73-fb91e514a291,Danièle,Doohey
rdeify,02cbd8a9-db63-4ea6-9edb-02b37eaff694,Angèle,Dei
rkeffordfz,36786028-a601-4aae-84a2-fb3de50cd0d5,Uò,Kefford
nbillanyg0,956f4f1a-16d9-4da1-8b4a-42f778b2a68e,Camélia,Billany
gbazellg1,6d90ce6d-47b8-47a4-8730-665157675de4,Clémence,Bazell
cthirlwellg2,daaa483c-30ca-49db-9422-d9fabae0335b,Stéphanie,Thirlwell
jfiveyg3,03f9c289-c72d-4396-ae1a-d7fa5aea93f1,Séverine,Fivey
ajewiseg4,ca309c79-240a-483e-b64c-151d571a9f85,Clémentine,Jewise
slyardg5,3b80656a-05bd-473b-a101-8a3d0d3170f1,Océane,Lyard
lrydeg6,5e894af6-0737-4b5b-8079-44a24cd68c1e,Eléonore,Ryde
vdrayg7,a38d30ec-de96-4c5a-9079-922557ed75c6,Åslög,Dray
hwanklingg8,9ac2ec1e-9207-4ab1-8e2b-a9ea8ee65503,Léana,Wankling
vartissg9,9687e678-47e7-4f45-9d7e-e0b4ddf590c5,Maëlys,Artiss
dpresleyga,40ffd1c7-0889-4f72-a3cc-f778ad79e7b5,Irène,Presley
hmacgaughiegb,3e85ebfd-d4f8-455e-93dd-3115adb19ff9,Léa,MacGaughie
dhavickgc,38515107-5997-468e-831a-ad4b544af60c,Yú,Havick
cpagegd,273a5bc7-296d-4fd6-803d-ef6851978ecd,Naëlle,Page
psandonge,856104d7-6fb3-44f8-b5ba-61f70d074fb6,Vénus,Sandon
zodriscollgf,ee99f716-5f46-4ff2-9726-4957fecfb668,Bérengère,O'Driscoll
dayshgg,685acb0e-35bc-4ee9-a8ed-da5535a21bba,Kallisté,Aysh
fshakshaftgh,eee9da3f-fe76-4d06-b26d-bc99e336f50c,Maïlis,Shakshaft
chamletgi,2a96f1dc-8571-4c53-a33b-5f7d18ae7642,Aí,Hamlet
mbernettegj,2b00b153-f718-4e80-8901-c3f5b11057f7,Dafnée,Bernette
kwemesgk,c44da534-967f-48dc-b206-e5d61a311442,Michèle,Wemes
bdiesgl,666668a3-a942-4062-8131-828c84e2413d,Angélique,Dies
skringegm,9b59b76f-cdb5-4125-b0ca-120dacd13d81,Marie-thérèse,Kringe
fparadegn,d786150f-a659-43d6-b64a-742e09ffe062,Cléa,Parade
gcubbingo,9ded7109-7d20-4312-9e35-f41ddeb706f8,Publicité,Cubbin
ichethamgp,d99b9588-4fca-4c2e-8d0a-1143f1c0e837,Dorothée,Chetham
ascanderetgq,675d8bf2-6fa7-465e-b1c0-e02341f2a57d,Océanne,Scanderet
rhouldingr,b6158b65-f369-46e0-9eac-dbced2d5201e,Marie-noël,Houldin
hokillgs,ad10e903-394a-46ff-a898-a9ab56c4aa3a,Dù,Okill
kbramichgt,58c44e2c-ffbf-4080-80c3-e4069b9727cb,Crééz,Bramich
ajagogu,c3b36bc5-58a5-4ba5-b68a-1d62b6700955,Ruì,Jago
gilewiczgv,83d189f5-b42f-4ea0-9238-28b8af437a43,Clémentine,Ilewicz
eduffieldgw,ae46cab0-e5da-4c9e-880e-494745c485c5,Athéna,Duffield
sburrassgx,975b6e24-9306-4edf-967c-8cf944b3f234,Audréanne,Burrass
sfoordgy,b154fe9f-47ac-46f1-b911-f38085c4c2b7,Östen,Foord
apawlickigz,363fa619-2bef-46ef-95ce-c75314fdbaf4,Véronique,Pawlicki
aspickh0,4221321f-6e48-44f1-959d-53708ffffd8f,Mélanie,Spick
jstreatleyh1,797061bd-4a4f-4fc8-89d6-8c5650f4039a,Françoise,Streatley
alish2,fb683ad9-d203-4e03-9a0c-edf0ad18756e,Clémentine,Lis
nlicciardih3,430b851f-d8e6-4bcf-91bb-9edf6046d666,Clémentine,Licciardi
wchanningh4,f3cefe70-81bb-4e93-8edf-2239ea3d2c2a,Joséphine,Channing
ajeavonh5,6b4976f8-a40b-4e41-ad01-677270a778b1,Clémence,Jeavon
rglindeh6,a0ec0cfc-a175-4376-9461-ee3573aa8ed3,Lóng,Glinde
kquenbyh7,1f4297c3-71c8-486a-9842-69e7d4682b0c,Dorothée,Quenby
bgrelakh8,8ee21691-bc0e-46f5-bf20-6874ae16810d,Annotée,Grelak
mtebbuth9,56c6de8a-20ef-41cd-a9c6-3abc74b35156,Salomé,Tebbut
ggiovannardiha,974c922c-89a7-467a-8398-0b74c800f8b5,Jú,Giovannardi
ghostenhb,709a96b3-4d7a-4a01-9cce-50384a3dc6ff,Naëlle,Hosten
lvanyakinhc,e8970365-395e-4e61-a582-741c00221e72,Gaïa,Vanyakin
nalkinshd,2d3b239c-08ea-4461-b41f-f7f966b866ce,Ophélie,Alkins
kgroganhe,456088e9-af0b-4264-a0cb-588dbb955769,Kévina,Grogan
mbaptistehf,218aabea-7b5d-4602-a2eb-832775806ba6,Wá,Baptiste
jocrianehg,ba6750d9-5815-4bbc-b1c5-22c88d63c3d7,Chloé,O'Criane
cakesterhh,5259799b-45a7-4112-9bd1-50163e6347ec,Maëlle,Akester
gtothacothi,864b14b0-f99e-4bdf-bd6f-4ea0f85816fb,Simplifiés,Tothacot
cpadfieldhj,e805ded0-ea23-4afc-94d1-e7daed7bd814,Adélaïde,Padfield
breberthk,44c1019a-be51-4acc-8aa4-15efa580ff20,Maïwenn,Rebert
bskusehl,2519dc51-19a9-4145-874e-f630fa2dd74d,Marie-thérèse,Skuse
mcrakehm,355bba05-c40e-4eed-af4e-169bea43e59d,Maïlys,Crake
kgillfordhn,0a6a2755-ca71-4f6b-9496-5b8a55005924,Laïla,Gillford
nlivezeyho,5830f116-2153-430a-afb6-27621466c271,Aurélie,Livezey
lsimeshp,d4e89b6e-096f-4a07-abb8-e74c5f8a1c11,Mélys,Simes
kfrounkshq,2f1937f7-f213-40b5-ba6f-f7c1a6bbc872,Bécassine,Frounks
rgaunterhr,169b48dc-2313-435a-aa33-e4cad6d317ee,Rachèle,Gaunter
egisburnehs,f74c5c32-cc27-41d7-ad90-72e978919b6a,Tán,Gisburne
ltolsonht,e9f4f2e8-e5b6-483a-9a51-7b2536d9e26b,Eugénie,Tolson
wwhilderhu,25392c66-2610-4edb-b8ff-85ac81fcd40b,Göran,Whilder
eantoniewiczhv,45488abf-2551-4534-9d9b-54af2ee7eab6,Océane,Antoniewicz
tbeckhursthw,88e460c1-999c-4cbd-bfc7-268e4f6e67e2,Andrée,Beckhurst
ragateshx,fab8d37b-2277-4b6b-941c-42fdaf301f53,Marie-noël,Agates
hcornillothy,c913f99e-3640-40e0-bd94-41823c153e64,Cléa,Cornillot
adecorthz,61f25b57-0bc8-4e9b-980d-5366c0bac4e2,Frédérique,Decort
sbrayshawi0,e20fcd0a-db40-4d31-b11a-a02d454dba05,Pénélope,Brayshaw
ctreweeki1,9c5a9e98-a591-44c2-905e-7bfea7552324,Joséphine,Treweek
afilovi2,0e9bbd04-1c08-4454-a770-ee321aab3815,Andréanne,Filov
hbeageni3,1325815e-92f4-4f25-ad3b-3834bd03cdd0,Méthode,Beagen
mwhottoni4,57d85e79-28f9-4199-9999-25734461c515,Maï,Whotton
aemblowi5,10d4e8ee-8090-479b-8960-0bb3e5887f97,Gaétane,Emblow
agooleyi6,b647cd47-6256-432c-94b7-942e6cc97ee0,Cunégonde,Gooley
csebirei7,af2ee34f-be80-45a7-ace2-5f5a6f09922a,Wá,Sebire
mkocheri8,c35de48d-a7a2-4abc-9662-92368d4505d4,Mylène,Kocher
nlangstonei9,72c03d21-cdbc-4876-b87d-ee4bed4f7871,Bénédicte,Langstone
rgrassiia,08e0939c-5e6e-4393-a7df-d36f6a6051cf,Liè,Grassi
nparffreyib,7316325b-d06b-4dde-81fd-694dbcde8707,Andréanne,Parffrey
ndorianic,d00e5d69-fbeb-41ec-8cf6-d97492e94913,Cunégonde,Dorian
ascrimshireid,82064368-f3d2-45d8-9d81-f152b4abbd1b,Táng,Scrimshire
kburnhamsie,1a6e19e0-12db-45c4-aa03-8ae3a1e9b2ad,Gaétane,Burnhams
pmuntonif,4b45073e-8dfc-409d-b0a1-a6686ace3fd7,Anaël,Munton
grupelig,0e1a4d06-62bd-43e5-af11-838fb90235d7,Örjan,Rupel
tdionisioih,58d425c4-8eef-47bb-9e65-8145f55036cf,Fèi,Dionisio
cbudgeonii,73b0f6b4-21b1-40b0-ba75-a47ee37c32cd,Hélène,Budgeon
fdelgadoij,d51ed631-8dde-4cf1-aec8-86443f9347c2,Hélèna,Delgado
bcouronneik,30bbffae-0e14-4fa0-bfbe-4f7da6cee4c3,Håkan,Couronne
srosewallil,e493fcb0-bda7-431a-8145-3dcece265891,Åslög,Rosewall
ebathaim,b6b6a143-d974-4061-a9cd-baba96c53488,Marylène,Batha
fbrayin,0a936adf-d678-42ea-a49b-f58b9f28e29d,Vénus,Bray
sstormio,e57ae498-4192-4641-bcab-d791d1c5eec8,Annotée,Storm
dallwardip,916cf861-96e1-4955-8a59-83db9d831e11,Inès,Allward
lsowteniq,06e0cad5-f610-4642-9fd6-c45bb256ae03,Pénélope,Sowten
mminichiir,88dbaae9-3158-427d-873b-b0adfa94899c,Léonie,Minichi
cvickaris,88aa323f-a561-4188-a121-bf3c019c2a4a,Almérinda,Vickar
ohoffit,2fd0b7aa-37a4-47e8-b9b7-cbcc08422873,Cécilia,Hoff
cmckeaiu,4ad699ea-ffc8-45f2-8fa1-a57982c2dfa0,Yénora,McKea
kpulhosteriv,f62bed83-46d0-4c48-ac4e-c31788a4a0e5,Ophélie,Pulhoster
emacgeaneyiw,b8dd2e99-f0f5-461e-ba5d-4489b4947e7f,Aimée,MacGeaney
mgrigolonix,5b6a0ca3-7643-42b7-ad25-f04cb19e18fb,Marie-hélène,Grigolon
dkenwiniy,c87c90bf-4eb3-44ae-83d3-d210dd5ea36e,Eléonore,Kenwin
etaillantiz,2dd4858f-5838-4aeb-a0eb-673ba7be25d8,Publicité,Taillant
wholdforthj0,a77d26c4-85f0-47e6-9a09-556558e64ce7,Frédérique,Holdforth
ipeeryj1,d90cce48-d878-40e2-b9e4-b77bd6ede3cf,Kuí,Peery
nferryj2,456e7a88-8ebf-49ed-a860-6d305a3aeb29,Maïly,Ferry
lcastanosj3,58f6499e-6e95-4333-a9ce-422cc069c8dc,Renée,Castanos
gcrutcherj4,2c545bd8-21bf-44f1-ac55-dc0be36d1cab,Dorothée,Crutcher
rmcginleyj5,dbf51a1c-0cf2-4a8d-aff1-3bb495a2c53c,Alizée,McGinley
mlangsdonj6,9eaa07be-2fcb-4650-88cc-3f91d3a29047,Nélie,Langsdon
dboordj7,28fd5a39-d25a-44b9-9a58-f542608a5a6b,Märta,Boord
awroughtonj8,64195ade-7cce-4cd5-a129-9becbd5de90e,Camélia,Wroughton
gburgisej9,8fa5537c-c5d1-45d5-8e29-d6a6fd299a66,Gisèle,Burgise
gsapirja,0338bcfc-ce5b-4c36-976e-e47f5dcc5acf,Françoise,Sapir
sduffitjb,4daeacf6-9a86-49f8-b16a-72b73e0b82dd,Françoise,Duffit
dkosiadajc,bba32927-daa0-4b43-951f-3e12a271ff57,Anaël,Kosiada
couslemjd,c4049d41-2a91-4108-8096-771e51708f38,Liè,Ouslem
jgodbehereje,a9bbcaeb-3cb0-4c47-bc83-28d2f44ec6bc,Lóng,Godbehere
psoaresjf,1d947c1b-3ae4-487e-b474-d8bb5eb03ec3,Cloé,Soares
dbudgeyjg,80622f65-6604-45a9-982e-d6b8fe3eb246,Réservés,Budgey
tmacskeaghanjh,c7f42cf6-2869-4910-a9c5-4b05e2186fa9,Simplifiés,MacSkeaghan
kgartsideji,05578d7f-bea5-4856-b3f1-f65bee4040ac,Noëlla,Gartside
mogrowganejj,c0b0ebc8-0430-481f-8f69-f7b29393f77e,Geneviève,O'Growgane
awinterbournejk,59068b9b-b35d-4e65-862b-03e2f1515835,Mélina,Winterbourne
dhammanjl,2dcf45e5-7f4c-47f2-817d-3119441c1f3a,Cécile,Hamman
rfranzonellojm,7746c7f8-5f11-4476-98b4-74487120d1f9,Léonie,Franzonello
alasslettjn,bfb94c59-6ef2-4c28-b4dc-2547f78e89a3,Danièle,Lasslett
hrowbothamjo,f6f42afb-8801-4085-89e6-ed64cdb4237c,Yénora,Rowbotham
egotecliffejp,63cbc813-84d9-45b6-ac1b-6b03edfe1a2a,Eléonore,Gotecliffe
sfreckletonjq,878769ca-77fc-4c15-b4cf-9ba7985b3126,Publicité,Freckleton
ddendonjr,2b3d8177-d518-4f5e-8d85-81b5fd9690f2,Mà,Dendon
ebogiesjs,484c2b0a-d798-4ea9-9b7e-7774a1c4847b,Solène,Bogies
reuplatejt,3e47757f-12f8-43bc-b8b9-8e2c159d4bf2,Léa,Euplate
jospellisseyju,63e1cd29-6cdb-4440-9a5d-7d74c8d7ed65,Françoise,O'Spellissey
mvaderjv,34b0863c-5a21-4450-b29c-d59b216add9c,Néhémie,Vader
tzmitrovichjw,6d878031-dfe1-4bc1-b2ed-baa5c68475d5,Liè,Zmitrovich
fkerrichjx,fa9a102f-aa9d-4c40-a710-676f072281c7,Judicaël,Kerrich
anerneyjy,219113c1-6953-4961-844d-e9504d658d10,Mélina,Nerney
ddrucejz,c63a887b-c540-4d65-a317-4d1b52a3acfd,Lauréna,Druce
cmaccolgank0,30dd1034-6ec0-4fef-af8f-bc54df01ccf8,Maéna,MacColgan
ggianuzzik1,1fa2a408-cbde-4b85-8b19-437e72311ac5,Mélys,Gianuzzi
kedmettk2,8e6d22a2-e828-4372-b7f1-36b2d9de8e9d,Méthode,Edmett
afigurek3,a161aab5-905d-4fa6-b9b4-1360d73f9064,Lài,Figure
amossomk4,488a2598-c319-4eac-b60b-fd4d902e8a35,Océane,Mossom
dwanklink5,7dec6bb9-4768-4a17-b50a-41e7ae472342,Mégane,Wanklin
lvooghtk6,2bbe4bcb-bfd0-4a48-8057-e8c59e6859f9,Zhì,Vooght
cjulianok7,0ef5d9c6-1feb-4ab1-b29f-39d57480342a,Maëlle,Juliano
pszymczykk8,07df2fe7-27ca-4d20-be76-64e14f5b102f,Aurélie,Szymczyk
jbryentonk9,1b9d43dc-32b4-4dea-8669-b0fea090710e,Estée,Bryenton
finesonka,212eaf8e-dbf1-4049-ade4-cf9163809da0,Camélia,Ineson
cmathekb,87409865-56e0-4503-b7ea-28e38d9ecd0c,Annotée,Mathe
bbladenkc,d4572f78-20ff-4bb9-9818-4cb639165168,Maéna,Bladen
spigeramkd,173b4a6e-d52f-4012-9e44-fa88fba4e097,Thérèse,Pigeram
vsebleyke,d0f13fcb-b5e7-48f2-97a1-6f1ae07dc377,Eliès,Sebley
rroncikf,fe4f188c-548c-4339-b4cf-9e99854f88ee,Annotée,Ronci
jponsfordkg,c7071cab-666f-4f96-80c7-05d1443d4d9f,Eliès,Ponsford
vlucykh,f2903bb6-9276-4ea0-895d-85fc2d8d5c79,Maëlys,Lucy
ltitchenerki,ac5ed2fe-5997-4472-8ccb-6ee16aa1971c,Léa,Titchener
kmcnamarakj,4359fe6e-607c-41c6-ab83-808c29db4a9e,Géraldine,McNamara
cconrekk,18fabd4d-030c-4e0e-8155-83a1baf7c218,Lyséa,Conre
qwhatmankl,b66d138f-1162-4ae8-815b-2a4c8a1a605d,Aloïs,Whatman
fchisnallkm,0b4389e7-cd92-444d-90b2-85fcee4a238b,Joséphine,Chisnall
eevasonkn,9991085b-4023-4508-ac7e-0a14f9bc2dca,Lèi,Evason
leneverko,193ab2b1-d83f-4aa8-8928-0156ae403727,Pénélope,Enever
lgaltonkp,206ae641-0792-4b01-9078-dea2a6a6d0fe,Amélie,Galton
ctooleykq,ddc6f739-d2fc-44fe-b8d4-f3dab4d202f6,Mélissandre,Tooley
ttesoekr,f4c05403-ad0a-443b-a816-d37111fbff66,Adélie,Tesoe
ktreherneks,aaa04ff7-7354-4f04-800e-d0c774ee72fa,Dà,Treherne
ckesbykt,94199194-0235-4e3f-b73f-cd0a80ca1e2a,Océanne,Kesby
tgardenerku,b4a1ba72-00dd-439a-9b99-1e774396e894,Méng,Gardener
bmcgarriekv,fbb1efd7-de1a-471b-812e-f619a487db77,Maï,McGarrie
hmattiessenkw,99e60964-875e-47c2-982a-2628d4355edc,Yè,Mattiessen
mplueskx,574001cf-aa2a-4112-a2c5-c6727c951972,Naéva,Plues
xgillanky,829ed500-f240-41d3-b2cd-14cb6ead3766,Félicie,Gillan
mgoozeekz,136c0bf8-8458-4431-b17f-102ba77c249d,Laurélie,Goozee
pduckelsl0,8838fff4-a670-49c9-a4c4-180722a922c7,Solène,Duckels
asallingsl1,ff60e1db-6c79-4141-a678-8240bed9c4e4,Réservés,Sallings
druscoel2,f4b39ea0-c000-4ffc-b466-869996fa9481,Annotée,Ruscoe
gtatlowl3,09a3c6f9-dade-4404-af36-3ecb5b83bc4c,Cinéma,Tatlow
ktryhornl4,921b317b-8b22-4c4b-ac8b-7e9e0d9ac497,Estève,Tryhorn
ayurenevl5,37bcbde4-b380-40a1-af25-006da60464cb,Vénus,Yurenev
amengol6,210e18f6-0e21-4f4b-85ba-6f581cab0ab1,Méline,Mengo
mwigzelll7,708bb274-2aa6-49f0-ad54-6c6347dd8413,Cécilia,Wigzell
wnesfieldl8,3dc37db0-23bb-4a43-ac1b-d6770895366b,Nélie,Nesfield
mbygottl9,79465e94-6c37-45e0-85e5-4800f6d008e8,Mà,Bygott
crainsdenla,91151762-d9c5-438c-9702-885266426425,Intéressant,Rainsden
lbartosiklb,659e0cb3-0fa4-4234-8186-a166b478133a,Médiamass,Bartosik
cdilleylc,ccf3e095-784f-44cb-8f15-bb2a9247b764,Maïlys,Dilley
zelmerld,d6244ebb-52a8-43e3-a0f5-f1f288762cb1,Thérèse,Elmer
dswinfonle,68110b10-0c40-4d26-934a-ca7fbf26b24e,Léandre,Swinfon
hphettelf,930ed438-214d-42fb-ac70-7ac669133049,Maëlyss,Phette
drilstonlg,aeac9b4c-46a8-4d2c-85b2-10c5c058209e,Faîtes,Rilston
cprettejohnslh,b4077c0a-96e9-4cbb-892b-867b261b1d60,Daphnée,Prettejohns
msebrightli,4bc8a4bb-d8c2-4b2a-b6ca-903656557ee4,Eléa,Sebright
rgrishechkinlj,59316d4c-9d24-4b87-8ab8-d4a6615447c6,Eloïse,Grishechkin
mblenkinshiplk,f33a4140-adf3-4323-afd7-0cb83206fd22,Crééz,Blenkinship
rbelzll,dcb199fd-7e7f-4c07-aa27-ac09c97c6ddd,Táng,Belz
nmckilroelm,60c6940f-7b80-4b64-965f-4004cf912830,Josée,McKilroe
lolijveln,ee187ecd-df7d-4f1d-9967-02e23d8e3c0c,Anaïs,Olijve
dbaggallaylo,e246d806-d5a6-492c-8916-5fefb32d1799,Bécassine,Baggallay
olongmuirlp,2a1b6dc2-61a7-4edc-97b9-43fc31190f73,Marie-noël,Longmuir
bselleklq,f4a8c6f0-8568-451c-9d21-b81749f63743,Illustrée,Sellek
dmionlr,b85802cb-5569-4c96-9c7a-66d776ddf814,Maëlla,Mion
cbeverleyls,b4d6fecf-d17f-42ac-b01e-f31e27724961,Gaëlle,Beverley
kgrunnilllt,44782bed-345b-4ed4-a53e-8171a2d523dd,Crééz,Grunnill
ccritchlowlu,114553f3-3137-4ecf-bf44-177f185545da,Aloïs,Critchlow
glotzelv,6b013898-c236-4ae1-b505-47ff62a23cf6,Léandre,Lotze
pchurchlw,ca467735-4d34-46d6-91fe-5895b1619c03,Thérèsa,Church
lbasinigazzilx,30da0e71-2e33-4cbf-bd40-81f79a754082,Alizée,Basini-Gazzi
jfinnimorely,73a5a0e0-985e-44be-b7d6-81a711d1e560,Clélia,Finnimore
karnottlz,1086cf4b-a85f-4f52-9ce2-c8313a003ed7,Erwéi,Arnott
gmacenzym0,3450ea1a-e5da-4099-b99e-fa89028ce2ab,Anaël,Macenzy
cderoeckm1,6782421d-378f-4a00-a6c2-0685bdf30c39,Maïlys,De Roeck
lyegorovninm2,0e6c9e52-92b2-4b55-846f-cc0e64745879,Bécassine,Yegorovnin
afritzm3,0d68b535-114a-4816-92bb-bc0ee7567960,Solène,Fritz
dmiddenm4,92f068a4-0d55-4370-b436-fb2e1058d3d8,Marlène,Midden
imccrostiem5,84827985-4eb5-490b-8250-d050523625ca,Céline,McCrostie
ghoutbym6,12e658a2-1bb6-4d49-bc43-995f6d6088a4,Maïté,Houtby
ebreckellm7,23a4238c-abd2-470e-855f-db07a1670e62,Garçon,Breckell
kdrydenm8,a7c188a5-028f-40e6-82e2-7ada28b3f8b1,Göran,Dryden
dparadism9,3c8ce846-6892-4c36-84c5-165bb211f9f5,Angèle,Paradis
ahanselmanma,236cdea7-1ebb-43a6-8f42-d7e60315cf26,Andrée,Hanselman
mdownmb,60279d0f-13b8-4977-a415-046b7b665122,Eléa,Down
tcrassmc,d6d539b5-0a7b-45f5-a51f-c7bc8d69df87,Esbjörn,Crass
obarltropmd,d6b4d31f-55b1-4eb6-8629-9bffc22a5c1b,Ruò,Barltrop
cjennerme,ea5e9a44-a9f3-4649-8e48-e1b7ce8c4056,Réjane,Jenner
nmacdaidmf,941938dd-689f-4db6-83f3-4b401de5aebb,Andréa,MacDaid
apughemg,7e2252ba-5661-4966-943d-4dbc4b44c095,Eliès,Pughe
plusgdinmh,89a2c48f-4488-4bcd-8cda-b01f34250d0d,André,Lusgdin
mvsanellimi,d45bd77d-08bc-400b-93f9-4d193095e329,Mà,Vsanelli
kdeverillmj,79f1a3e0-fc3e-45b4-b37c-076388574bb6,Clélia,Deverill
kwilsheremk,fb51f4e0-ddf1-4800-bb16-d49c864424c9,Nadège,Wilshere
cbettinsonml,e555f69a-74c7-4078-94fb-48d949c9df04,Desirée,Bettinson
obrounckermm,35ecc1ba-0ff2-4429-bddf-25e9ec4a8904,Méghane,Brouncker
sdawleymn,4d2dc22f-e84b-4926-a7af-cb41b652e42d,Thérèsa,Dawley
sramelotmo,9436a23a-d51b-4b1a-a11d-4bb979342e4c,Táng,Ramelot
egodneymp,3de1ac2e-f12e-4ae0-873a-fc15df7d07cf,Miléna,Godney
hspellacymq,5e759233-239a-46cf-a64f-4ed29c6c5e74,Rachèle,Spellacy
xmanthroppemr,98ee5caf-3800-421c-bb3e-eacda811f00c,Bérengère,Manthroppe
sjeanelms,90673de7-c51d-43d1-8c5d-311e95ac58fa,Séverine,Jeanel
mlaceymt,4b7a119f-111c-46e1-acd9-16833e994ebc,Intéressant,Lacey
myantsurevmu,7d343f95-010e-4d67-b992-bed6af7d215c,Eloïse,Yantsurev
gmilmoremv,f335b5f8-3e08-4c97-81fd-5c69a69da657,Clémentine,Milmore
dconnoldmw,0c7435a7-93df-4e6b-ae82-2dd5b20b0f32,Adélie,Connold
gdevillemx,79bfefdd-b143-4a20-8e3d-a6080d1218c8,Annotée,Deville
merringtonmy,384784e2-7203-4be6-9955-d10cd84e0fc3,Maëlys,Errington
spellmanmz,cde7fcdb-8953-4238-8247-7d463697ec21,Béatrice,Pellman
bpaylorn0,300e57a1-4f53-4110-8e6b-1fb1a5cca8da,Pål,Paylor
bgiraudotn1,b2be2cdc-d7b2-40f1-a63d-11c912b1b3e6,Adélaïde,Giraudot
lduken2,b4f39845-a3c1-4b61-8998-51b357e5695c,Maéna,Duke
tmacneicen3,db578b60-c0b9-4abb-bcc9-bbab6def08fb,Göran,MacNeice
ajohnn4,58e08c06-008e-4b08-a4aa-5084219fe49a,Nélie,John
tyegorchenkovn5,926eea6c-d64b-43e8-9f2c-2ec5842a9bf6,Börje,Yegorchenkov
tmellsopn6,069f88d6-1dc1-4069-8490-f59fefe31ef9,Loïs,Mellsop
mfallowesn7,471499b4-7fb7-47f4-abc5-13f5349d2f9f,Uò,Fallowes
mbadseyn8,5c31b73d-3b5b-43b4-80a3-34e68f3e0df6,Salomé,Badsey
mbinnelln9,04cb56af-6ef9-4eab-8119-28ccd92acdb1,Ruò,Binnell
tmackneisna,55481c2c-c293-4dc5-bcf8-7ee3447522e1,Almérinda,Mackneis
fschultesnb,08865573-3601-4398-8e69-507c8ef544ab,Loïs,Schultes
eyurikovnc,00e814a7-7552-49cc-b151-e87c293a3ba9,Geneviève,Yurikov
dewolsnd,31dc826c-576a-459a-9ffa-ad9d16f8dc34,Camélia,Ewols
snewsteadne,68f6fdcc-8b9e-4052-a3c3-0ebce5d48531,Gwenaëlle,Newstead
sedgehillnf,72ca9471-460f-413b-8f59-19f167fdb229,Hélène,Edgehill
rtuerng,2417b3ee-3a5e-4365-9f91-7067255b81e1,Cloé,Tuer
ahurlestonnh,2ae12fdf-b72b-45e1-b76d-9e42de6a6529,Nuó,Hurleston
jrojani,cf69e03f-8554-43c3-8034-efc739711bb6,Táng,Roja
gzoellnernj,20f31d24-bc9d-4229-a46e-e8b362316f96,Tú,Zoellner
ilindnernk,56a6c3d5-eeb4-4cc1-af8c-f5e6f9ba2259,Torbjörn,Lindner
beveralnl,88d11b23-bcbc-4c0f-80e2-bbb009952f90,Thérèse,Everal
bcrellinnm,d308cfdd-299c-4504-8bca-fd09b175a3dc,Océane,Crellin
bsankeynn,a1bc0899-c915-49ab-bb48-676c20be426c,Aloïs,Sankey
hocurrineno,be92fbbb-ed22-48ee-aab1-7a13cccc9dc4,Loïca,O'Currine
gdunkerknp,76a2e367-d890-49a0-94f8-a7597c5cc28d,Rachèle,Dunkerk
smastermannq,fdd88fc4-5b9a-4aa2-a957-e311e158f3f1,Bécassine,Masterman
mklempkenr,1cee3fa7-3b1c-41d1-8995-a34606e2683a,Andrée,Klempke
atschiraschens,dba9a6ed-2be4-43f6-b5ef-2335258acd40,Noémie,Tschirasche
sshillamnt,7f03af5f-c219-4f78-ae80-9c7f5bd83845,Réjane,Shillam
cleechmannu,b8b5cdf1-bf1b-46a1-ba61-1d7a491ce309,Bérénice,Leechman
aburdenv,099e5cf7-9779-4f6c-bf04-02fb6e5e8fd8,Håkan,Burde
ibennettonw,35649c1b-71f1-4340-af6f-83c689562fcc,Michèle,Bennetto
kmowatnx,fbc8033d-7608-4beb-99cb-ca569487ca74,Maëlann,Mowat
ependrickny,e82edb73-2107-4c3c-9f13-9e36d5b6f32f,Adélie,Pendrick
frizzettinz,89383a95-a268-4b73-a6d5-3ed0acc0b0fb,Océane,Rizzetti
valgeoo0,f63df2c8-b09e-4ef0-b3dc-fb05685d337c,Nuó,Algeo
agroveso1,eb67da19-76b9-45eb-9c3f-d3d10c09bd13,Cunégonde,Groves
gdurnello2,f6518678-8d45-4a73-9fcd-067f1e1d5ffa,Geneviève,Durnell
cwildingo3,f524d582-f5c2-4dc7-af73-3cd2b2091a3e,Annotés,Wilding
mcavello4,5147c6d6-3941-4435-bbe2-f594b16cb372,Sélène,Cavell
byankino5,63821b48-da9a-423c-9e4b-24fcdd07fbc2,Cinéma,Yankin
dcaneroo6,a263e20e-a935-4694-8d27-884e27c3eb3b,Marie-françoise,Canero
wdouglisso7,30089fea-d512-44b0-80ab-d5eac5ab2769,Lucrèce,Dougliss
alancettero8,448f9d5c-67ec-4c8a-88b1-05b18d09a1ff,Léane,Lancetter
cscardafieldo9,8f00bf6d-84ac-49df-9bc5-f9a28a3df09b,Régine,Scardafield
jhearnahoa,a4f98c49-11e8-4936-8cf3-751d6e26936d,Eliès,Hearnah
rpuffettob,6c8546c4-19f1-49f3-a74c-dc33211d9d11,Andrée,Puffett
tankersoc,5fb0eade-c45a-4aea-a687-bb113438384e,Illustrée,Ankers
hhenriod,a9709e0c-2c28-43de-b27a-e748a840145d,Börje,Henri
dwaiteoe,b51d7e43-a75c-4262-8fc2-385b223aa263,Östen,Waite
sdowderswellof,79916f3e-cf31-4727-ba23-dc10f0cd1722,Intéressant,Dowderswell
brushmanog,e67255d9-9947-41c0-9497-27e5268b5e28,Clélia,Rushman
mivanishevoh,3013d3a4-c6e6-481d-ba38-594757e80187,Andrée,Ivanishev
mcarlyonoi,b16f1ed1-42ec-4989-82a8-013a78b53a1b,Gaïa,Carlyon
cpulmanoj,6bef71bb-4b52-4419-8a16-18d86850b2ee,Maïlys,Pulman
pskeechok,d6928108-3b43-4088-ab1e-c89fbd65cbb4,Björn,Skeech
lbranthwaiteol,258b410f-e36c-4143-a985-5f6a47a016a3,Aí,Branthwaite
otrimbyom,558ce4ed-568c-430b-917d-ae5164da7860,Anaëlle,Trimby
mneilsonon,9029d75e-7e2c-4f0c-85c5-738c0cf13576,Léana,Neilson
pkleinsmuntzoo,a34e0b8b-c05e-4934-a84b-d052064a2796,Réservés,Kleinsmuntz
lcoalesop,232fdb85-3fed-43b7-86e4-3b8d23647df4,Athéna,Coales
cluetchfordoq,22147bf2-ee3d-47ab-9e4c-680d62b139a3,Léana,Luetchford
jcranidgeor,c7114aaa-0822-48f8-aba2-b05e06011fe6,Léa,Cranidge
bcopcuttos,52fd029f-c6cb-4aa9-9fd4-2f34e4a72f7a,Maëlann,Copcutt
vpuckettot,3e22cab9-f6f2-416a-8fc6-4763e989ec17,Frédérique,Puckett
mburehillou,72913e39-c34b-4522-8d9a-a44e6d675249,Liè,Burehill
nhaxleyov,5989dcce-577d-4a37-9d00-7b17d333a10b,Adélaïde,Haxley
ahirtzow,b6d8fbd6-fcd9-400e-a42d-d3c217b236a0,Annotés,Hirtz
glebournox,f6e7d50d-d4ce-46d5-aaa0-986025010259,Marie-noël,Lebourn
hhelianoy,8b3a32b8-1ce4-46d2-9d5f-09bfac75c60c,Kallisté,Helian
cmcquakeroz,9ec73810-60d1-4c26-8d4d-87fe55089896,Josée,McQuaker
cchittiep0,ef0f214e-4a52-4288-9e71-3e478aa7d4fd,Gérald,Chittie
mweighp1,3e8b98f5-21ba-441e-aab4-f8bfe8f8e169,Rachèle,Weigh
bbeacomp2,a5b9e0e1-4e4d-4e9a-969e-be151545edec,Océanne,Beacom
sdredgep3,5a14bd25-bae4-4064-aa6e-01f5cb0e41b9,Valérie,Dredge
jinchp4,1b7e3211-153a-4f70-b725-db0059637802,Agnès,Inch
ablanchep5,68bc2aee-df93-464c-80a8-cd30c40cad18,Pål,Blanche
eiwanickip6,ef8a4d9c-e36f-4d40-91cc-099910286932,Zhì,Iwanicki
dbernaldezp7,b84d06c6-b6d5-4cc0-8698-1cd1795749ae,Mélina,Bernaldez
fkarpenyap8,9bf33ca1-2bb2-4b3c-9ea9-76f0b0a9462f,Garçon,Karpenya
sbilesp9,e4b08f41-1dbd-4616-8cec-f0e7228a6e00,Léonore,Biles
cdeblasepa,e9d4aa67-9831-4ff0-80f1-77072ae28e10,Méthode,De Blase
chorsteadpb,0b3087c5-eadd-40a5-9384-e947040d247a,Célia,Horstead
racomepc,4cc82581-5991-4889-8493-650daa8c1ab2,Joséphine,Acome
aegleofgermanypd,12271773-c5c1-496b-8def-e7c38af3eecd,Angélique,Egle of Germany
frowbreype,25372afb-e9e6-476c-8320-e015bf7905a4,Desirée,Rowbrey
dbenittipf,c116b95f-a864-4631-a0f8-4f94e2f019bb,Göran,Benitti
psaddlerpg,f6b97de4-da27-44c5-8f2e-6d883b1c9913,Vérane,Saddler
vtimberlakeph,19b8fb0f-0dd7-4c08-9031-9b6d75f13215,Håkan,Timberlake
tdrewespi,e2b5d8ac-bc87-4c87-8526-72d091b2b2fe,Simplifiés,Drewes
pmiltonwhitepj,53d26be1-ac96-4355-8dda-f762f6c802fd,Fèi,Milton-White
khacunpk,8a108a07-b583-419e-bdd6-bad7b1080103,Chloé,Hacun
lsortonpl,d848ae6d-0e6d-44d3-9046-721c8cb2c5cf,Eléonore,Sorton
mturfspm,d0dcb7ec-6adc-44e4-976b-74ad6ab87922,Gaïa,Turfs
llongmanpn,571a480a-7de2-4bd5-b551-e49525c6b6ae,Stéphanie,Longman
macarsonpo,8ce1ef9f-f913-4940-89c6-4695bd2675ee,Tú,Acarson
ftimmespp,adcc7f68-3605-4576-9224-cf3ae687c7dd,Maëlyss,Timmes
railwardpq,e6d24038-1840-41a3-ad9c-006c005af012,Loïca,Ailward
bparadinpr,8f7a7521-6896-4282-a768-b70610f5abac,Almérinda,Paradin
bsquierps,4783f4d3-0690-4849-b307-9cbb9bcb4fdd,Cloé,Squier
carnsonpt,49cad6cd-ab3a-4ea6-9962-ced45590fb12,Bénédicte,Arnson
hconstantinepu,a78555ce-aab8-4f34-a54d-715058a41d3e,Agnès,Constantine
hbiagipv,f49ca810-bc0c-480a-bdee-1e4b3304dd6e,Célestine,Biagi
ygreenanpw,0d46105f-31e8-47b9-8878-4607144adf23,Irène,Greenan
pogelbepx,2cbd8006-5d12-4914-9f85-2d5909e637cd,Åke,Ogelbe
dwyburnpy,1f476dbe-29c9-4674-97da-884b4cac706a,Illustrée,Wyburn
dcowpz,1848a285-fa2a-4d59-9475-ee1adc5814d4,Bérénice,Cow
mwaleq0,546a134c-eee1-4708-bf63-3998cbbb563a,Lài,Wale
ngermainq1,4511f76b-7e91-4646-a957-172eb9e66696,Eliès,Germain
lleonardeq2,8b8893a8-4a02-49bf-bae1-c3fc9fa79da9,Joséphine,Leonarde
corwellq3,69dca398-11b2-4dca-8a64-2a5cd119248d,Esbjörn,Orwell
galderseaq4,2d968c15-3b24-4ac3-aa7f-1a76edd2d358,Intéressant,Aldersea
apontainq5,f712b161-8824-4837-9f79-e7b1c109b024,Crééz,Pontain
fmccheyneq6,bfdc6c2d-0c78-4731-918c-29afc0abd52d,Angélique,McCheyne
kyantsurevq7,fb4851b1-535f-43b1-ad45-c9e6e24d303d,Björn,Yantsurev
ajenkinq8,a21a9959-4f20-4b45-b00c-4133b0cded49,Illustrée,Jenkin
oluchelliq9,d856a67c-c034-4ba8-99e4-5c65d695d304,Véronique,Luchelli
eburtonqa,e667a47f-a1ab-471d-acac-a73a55fb44d9,Aurélie,Burton
ibrammarqb,7fbf67eb-443a-426c-9d17-7c0bf820ff18,Kuí,Brammar
lpickerinqc,0076d2c5-3dca-4d32-aad9-067012a113fe,Lyséa,Pickerin
lmaundrellqd,024fc4e2-0859-493f-890d-f7a9ad414857,Maëline,Maundrell
vbownasqe,5687d20a-253a-4173-8dba-473bfb891492,Publicité,Bownas
sjeacockqf,efb67e68-e4f0-454a-b750-b9fd5899fc20,Torbjörn,Jeacock
hchallicumqg,db8e7ed1-5619-487b-9e80-d78ba954ffa9,Méline,Challicum
vrymellqh,166dd7af-345c-492f-beaa-27fbf2423bb6,Eléa,Rymell
fdavorenqi,6ce0f759-7ffb-44bd-8146-e434984f978e,Lén,Davoren
chavelineqj,ce7614ca-6062-42bc-b062-6f9bbbb76ff4,Laurène,Haveline
cpriddisqk,f08e4a9c-92e8-4a4b-a56e-498b74cccf28,Annotée,Priddis
obrouardql,3b149a16-2799-4350-ba93-4331f311afaa,Pélagie,Brouard
wrasperqm,4e78a336-8a10-4e30-88c0-7a595891105e,Uò,Rasper
lbreedeqn,dc366183-ed03-4ae8-bb40-6aeae4954188,Åke,Breede
mmaineqo,fdc29ed8-f711-44c8-8fd7-7fdaa803861a,Noémie,Maine
calessandrelliqp,32616794-1e26-43be-ba62-0a26d8e4cc8c,Yè,Alessandrelli
dsurrqq,0b5dd84c-ba86-4344-a084-01580793dfbb,Yè,Surr
hklicheqr,77f41972-d2f8-4a6d-bfdc-c10779f94c64,Yáo,Kliche
afriarqs,4a695d30-0746-468b-bf02-70d16194b53b,Hélèna,Friar
lelleswortheqt,f7b79ce0-21c3-4abf-b98e-725b8e22e8da,Daphnée,Ellesworthe
qfranceschielliqu,a49cb132-54e1-4447-844f-f980f3d70b41,Kuí,Franceschielli
srosenwasserqv,5a367a69-e323-436a-aeab-00ddddfe5593,Françoise,Rosenwasser
gcorstorphineqw,0358d1a2-e245-4b46-b6cd-36b00db4c2f7,Åslög,Corstorphine
mdavenportqx,ce01741e-a8bb-46df-ad4c-50f7758fa1ce,Laurélie,Davenport
gpointinqy,16c0e275-c74d-4b15-ad4d-5023efec40c4,Cunégonde,Pointin
hdymondqz,9b1c357a-1e35-4eae-8309-f82c528853f9,Véronique,Dymond
lcorstorphiner0,1bfba547-b318-448c-965d-8c8c357c3877,Marlène,Corstorphine
jstellinor1,f3458e1a-5347-4f72-a6f3-d42d0914aa3d,Yè,Stellino
bcasettar2,5b545b20-c256-4bc7-b872-6792471ad4f7,Eléa,Casetta
nsizelandr3,32712d23-20ac-4842-b850-440e8554c93f,Håkan,Sizeland
rbeuscherr4,56818711-c6dd-46bd-a4f1-2ce495471b5e,Irène,Beuscher
lwestfalenr5,5d58b082-7c0e-4c72-896f-7cbb0a4ec4ea,Maïlys,Westfalen
arankinr6,993cc433-d767-47a0-8fb9-6b2b09db8650,Zhì,Rankin
tdouglissr7,e78bf7fa-be45-4b06-bb8d-a96f9250dd19,Agnès,Dougliss
apawlaczykr8,0e132d82-1ae1-4592-a63f-96a715e2766c,Mélissandre,Pawlaczyk
ngreganr9,edb72d5f-46da-447d-b378-2e005bbb0bd0,Faîtes,Gregan
dclappra,95d43c80-80d8-45c8-a9dd-df9847f3e4d6,Angélique,Clapp
tbrignellrb,ff468047-8b92-4bc6-89df-4d4a1a17f837,Joséphine,Brignell
lcreusrc,82fefcd1-f074-459a-8b95-fe84cd27984e,Táng,Creus
wniemiecrd,275bbfc8-e917-4b04-91bc-70e83cd4c7d0,Gérald,Niemiec
mkraftre,b7a8fb88-aed5-4336-bc65-f819f5ba893d,Clémentine,Kraft
mtremblettrf,8e8fab62-0f08-427c-afb8-8ec1b944ec19,Desirée,Tremblett
adefontrg,1e59245c-bbfc-4cbf-b102-255371177a48,Thérèse,Defont
tstennerrh,e2b64912-6190-4439-befa-e95d9adea005,Eloïse,Stenner
ijuzari,ecf154e1-8e07-44f5-bd47-654926172717,Régine,Juza
calflatrj,49fd7647-259f-4907-b719-c2901e288652,Gaétane,Alflat
bnewlingrk,bb8cc6b1-6ff3-481c-9a25-043c715a87cd,Marie-thérèse,Newling
mbrandonrl,b5291123-7e44-42b1-9cd8-d9d4cf41c465,Garçon,Brandon
mgristonrm,f338c978-3600-4d0f-9694-634bfa3af51b,Göran,Griston
rbalthasarrn,a1443859-df45-4595-8e5f-51a014c9285e,Börje,Balthasar
dcalltonero,cc0fd5b4-330d-4b6f-b548-c9ff59cf558c,Börje,Calltone
bferrellirp,7c9b2810-bb5a-4292-be2c-e8dbf3e5f174,Almérinda,Ferrelli
iginglerq,6dab55f4-4d82-4b0b-934c-0e8c982d1b50,Yú,Gingle
dpragnellrr,dda3087a-3b22-4c41-a4bd-bab6153735cb,Cécilia,Pragnell
